{"stats":{"minecraft:used":{"minecraft:flint_and_steel":6,"magistuarmory:steel_lucernhammer":1,"minecraft:golden_apple":8,"minecraft:crafting_table":2,"simplyswords:iron_halberd":5,"neapolitan:strawberry_scones":3,"minecraft:obsidian":8,"minecraft:bread":4,"minecraft:diamond_sword":134,"minecraft:hay_block":2,"minecraft:cooked_porkchop":4,"minecraft:gold_block":5,"minecraft:enchanted_golden_apple":3,"minecraft:experience_bottle":10},"minecraft:crafted":{"minecraft:diamond_sword":1,"minecraft:crafting_table":2,"minecraft:gold_block":14,"minecraft:flint_and_steel":1,"biomesoplenty:fir_planks":8,"minecraft:diamond_helmet":2,"minecraft:golden_helmet":1,"minecraft:diamond_chestplate":1},"minecraft:broken":{"minecraft:golden_helmet":1},"minecraft:picked_up":{"paraglider:paraglider":1,"born_in_chaos_v1:corpse_maggot":4,"simple_weapons:iron_scythe":1,"simplyswords:diamond_rapier":1,"minecraft:leather":4,"minecraft:diamond_sword":1,"biomesoplenty:fir_log":2,"minecraft:enchanted_book":2,"paraglider:spirit_orb":4,"minecraft:flint":1,"minecraft:oak_log":2,"magistuarmory:steel_lucernhammer":1,"magistuarmory:brigandine_chestplate":1,"aether:diamond_gloves":1,"minecraft:flint_and_steel":1,"minecraft:item_frame":1,"minecraft:bone":13,"minecraft:shroomlight":2,"minecraft:stone_bricks":64,"minecraft:bow":1,"minecraft:wheat_seeds":1,"tombstone:bag_of_seeds":1,"neapolitan:strawberry_scones":6,"minecraft:diamond_helmet":1,"minecraft:glass_bottle":2,"sophisticatedbackpacks:diamond_backpack":1,"minecraft:egg":2,"apotheosis:gem":5,"aether:netherite_gloves":1,"magistuarmory:gothic_boots":2,"minecraft:cooked_porkchop":4,"minecraft:porkchop":5,"simplyswords:iron_halberd":1,"magistuarmory:rustedkettlehat":1,"tombstone:grave_dust":2,"aether:golden_gloves":1,"minecraft:carrot":1,"magistuarmory:rustedcrusader_chestplate":1,"minecraft:arrow":4,"minecraft:rotten_flesh":16,"magistuarmory:rusted_bastardsword":2,"minecraft:chainmail_leggings":1,"minecraft:hay_block":3,"supplementaries:ash":10,"minecraft:oak_sapling":1,"minecraft:blaze_rod":1,"minecraft:nether_brick_wall":1,"aquaculture:lockbox":1},"minecraft:killed":{"minecraft:magma_cube":3,"minecraft:zombified_piglin":1,"alexsmobs:grizzly_bear":1,"alexsmobs:skunk":1,"minecraft:creeper":1,"minecraft:skeleton":2,"minecraft:phantom":1,"minecraft:zombie":1,"meadow:wooly_cow":1,"born_in_chaos_v1:corpse_fish":2,"minecraft:wither_skeleton":10,"minecraft:blaze":3},"minecraft:mined":{"minecraft:torch":1,"biomesoplenty:fir_planks":1,"minecraft:hay_block":3,"minecraft:fire":1,"biomesoplenty:large_rose_quartz_bud":1,"treechop:chopped_log":1,"biomesoplenty:fir_log":1,"minecraft:grass":4,"minecraft:gravel":12,"minecraft:dirt":2},"minecraft:killed_by":{"minecraft:piglin":1,"minecraft:player":2},"minecraft:custom":{"lootr:looted_stat":55,"minecraft:mob_kills":29,"tombstone:raider_killed":1,"minecraft:interact_with_crafting_table":11,"minecraft:open_barrel":1,"minecraft:damage_dealt_resisted":0,"minecraft:leave_game":4,"minecraft:time_since_death":21204,"minecraft:damage_resisted":471,"minecraft:sleep_in_bed":1,"minecraft:time_since_rest":20977,"minecraft:walk_one_cm":268864,"minecraft:damage_taken":3007,"minecraft:sprint_one_cm":286592,"minecraft:damage_absorbed":595,"minecraft:drop":46,"minecraft:damage_dealt":5803,"minecraft:swim_one_cm":996,"minecraft:fly_one_cm":258019,"minecraft:player_kills":2,"minecraft:crouch_one_cm":4365,"minecraft:play_time":66401,"tombstone:undead_killed":15,"minecraft:deaths":3,"minecraft:sneak_time":1397,"minecraft:walk_under_water_one_cm":675,"minecraft:jump":1117,"minecraft:walk_on_water_one_cm":5796,"minecraft:total_world_time":66401,"minecraft:fall_one_cm":23438},"minecraft:dropped":{"minecraft:enchanted_book":2,"magistuarmory:rustedkettlehat":1,"minecraft:glass_bottle":2,"aether:golden_gloves":2,"magistuarmory:rustedcrusader_chestplate":1,"minecraft:rotten_flesh":16,"simple_weapons:iron_scythe":1,"minecraft:apple":1,"simplyswords:iron_halberd":1,"minecraft:carrot":1,"minecraft:flint_and_steel":3,"paraglider:spirit_orb":1,"minecraft:item_frame":1,"minecraft:diamond_sword":1,"minecraft:potato":8,"supplementaries:ash":9,"magistuarmory:steel_lucernhammer":1,"minecraft:hay_block":1,"minecraft:shroomlight":2,"simplyswords:diamond_rapier":1,"born_in_chaos_v1:corpse_maggot":4,"magistuarmory:rusted_bastardsword":2,"apotheosis:gem":4,"minecraft:oak_sapling":1,"minecraft:diamond_helmet":1,"minecraft:diamond_boots":1,"magistuarmory:gothic_boots":1,"minecraft:arrow":1,"minecraft:chainmail_leggings":1,"minecraft:bone":3,"minecraft:egg":2}},"DataVersion":3465}