{"stats":{"minecraft:used":{"minecraft:moss_block":1,"minecraft:ladder":2,"minecraft:stone_bricks":2,"supplementaries:bomb_blue":1,"minecraft:furnace":1,"minecraft:egg":1,"minecraft:potato":9,"simple_weapons:iron_scythe":352,"minecraft:mossy_stone_bricks":2,"minecraft:stone_pickaxe":39,"biomesoplenty:fir_planks":52,"minecraft:cookie":5,"minecraft:golden_apple":17,"minecraft:cyan_bed":2,"minecraft:bread":30,"tombstone:grave_key":8,"simplyswords:diamond_chakram":14,"croptopia:toast":5,"minecraft:trident":1,"minecraft:stone_sword":78,"minecraft:cooked_salmon":1,"minecraft:torch":26,"minecraft:dirt":3,"neapolitan:strawberry_scones":3,"simplyswords:diamond_scythe":1,"minecraft:iron_axe":51,"minecraft:iron_boots":3,"minecraft:golden_carrot":10,"minecraft:soul_soil":4,"minecraft:goat_horn":20,"minecraft:netherite_pickaxe":19,"tombstone:gift":5,"minecraft:cooked_beef":4,"minecraft:enchanted_golden_apple":4,"minecraft:birch_planks":72,"simple_weapons:diamond_scythe":87,"minecraft:mossy_cobblestone":2,"minecraft:crafting_table":4,"supplementaries:bomb":1,"minecraft:apple":13,"minecraft:diamond_shovel":1,"minecraft:iron_pickaxe":195,"minecraft:cobblestone":44,"minecraft:purple_bed":8,"minecraft:cooked_porkchop":3},"minecraft:crafted":{"croptopia:toast":5,"tombstone:grave_key":1,"simple_weapons:iron_scythe":1,"simple_weapons:diamond_scythe":1,"minecraft:crafting_table":3,"minecraft:wooden_pickaxe":1,"minecraft:birch_planks":72,"biomesoplenty:fir_planks":84,"sophisticatedbackpacks:diamond_backpack":1,"minecraft:furnace":1,"minecraft:iron_axe":1,"minecraft:stone_pickaxe":1,"sophisticatedbackpacks:iron_backpack":1,"minecraft:cooked_beef":5,"sophisticatedbackpacks:gold_backpack":1,"minecraft:air":0,"minecraft:acacia_planks":4},"minecraft:broken":{"minecraft:golden_boots":1,"minecraft:iron_boots":2,"minecraft:golden_leggings":1,"simple_weapons:iron_scythe":1,"minecraft:diamond_chestplate":1,"magistuarmory:rustedgreathelm":1,"minecraft:iron_helmet":1,"minecraft:turtle_helmet":1},"minecraft:picked_up":{"minecraft:iron_chestplate":1,"beachparty:rubber_ring_axolotl":1,"minecraft:nether_brick_fence":1,"mekanism:raw_uranium":2,"minecraft:lead":1,"minecraft:golden_sword":1,"forbidden_arcanus:xpetrified_orb":1,"minecraft:string":8,"minecraft:soul_soil":4,"mutantmonsters:mutant_skeleton_skull":1,"minecraft:cooked_salmon":1,"aether:diamond_gloves":1,"biomesoplenty:yellow_autumn_sapling":4,"minecraft:red_nether_bricks":1,"simplyswords:diamond_scythe":1,"minecraft:iron_leggings":1,"minecraft:shroomlight":2,"minecraft:diamond_leggings":1,"minecraft:cobbled_deepslate":44,"minecraft:gold_nugget":1,"biomesoplenty:fir_planks":3,"minecraft:spruce_planks":12,"delightful:green_tea_leaf":2,"minecraft:iron_boots":1,"minecraft:tipped_arrow":2,"minecraft:stick":11,"apotheosis:gem":5,"born_in_chaos_v1:shattered_skull":2,"meadow:highland_wool":2,"minecraft:torch":84,"magistuarmory:rusted_heavymace":2,"minecraft:porkchop":5,"tombstone:grave_dust":17,"minecraft:diorite":1,"aether:golden_gloves":1,"minecraft:golden_chestplate":1,"minecraft:goat_horn":3,"minecraft:quartz_block":3,"minecraft:rotten_flesh":25,"artifacts:villager_hat":1,"reliquary:mob_charm_fragment":1,"supplementaries:ash":4,"mutantmonsters:mutant_skeleton_shoulder_pad":1,"minecraft:iron_bars":2,"minecraft:cobblestone":56,"paraglider:paraglider":1,"minecraft:birch_log":21,"bakery:sandwich":2,"minecraft:leather_chestplate":1,"simple_weapons:iron_scythe":2,"minecraft:golden_leggings":1,"biomesoplenty:fir_sapling":16,"biomesoplenty:fir_log":31,"paraglider:spirit_orb":18,"minecraft:tuff":90,"minecraft:lapis_lazuli":4,"minecraft:dirt":17,"minecraft:lantern":2,"minecraft:polished_granite":1,"born_in_chaos_v1:monster_skin":1,"minecraft:bone":48,"minecraft:bow":3,"minecraft:wheat_seeds":3,"minecraft:raw_gold":1,"minecraft:mossy_stone_bricks":6,"minecraft:cyan_candle":3,"minecraft:moss_block":1,"minecraft:cooked_porkchop":3,"sophisticatedbackpacks:iron_backpack":1,"minecraft:nether_brick_stairs":1,"minecraft:cyan_bed":2,"minecraft:dark_oak_log":2,"minecraft:mossy_cobblestone":8,"simplyswords:diamond_chakram":1,"minecraft:spruce_sign":2,"minecraft:emerald":5,"alexsmobs:maggot":11,"minecraft:bricks":1,"born_in_chaos_v1:rotten_fish":1,"minecraft:netherrack":1,"minecraft:crafting_table":1,"minecraft:ladder":2,"minecraft:turtle_helmet":2,"minecraft:wooden_pickaxe":1,"minecraft:gold_block":1,"minecraft:shield":2,"minecraft:item_frame":2,"dungeonnowloading:spawner_fragment":12,"minecraft:cracked_stone_bricks":6,"simplyswords:runic_tablet":1,"reliquary:interdiction_torch":1,"minecraft:beef":21,"minecraft:oak_boat":1,"minecraft:spruce_slab":4,"minecraft:raw_iron":23,"reliquary:salamander_eye":3,"sophisticatedbackpacks:backpack":1,"meadow:inky_wool":2,"magistuarmory:gambeson_boots":1,"minecraft:dark_oak_planks":5,"minecraft:diamond_chestplate":1,"minecraft:arrow":12,"minecraft:nether_bricks":5,"minecraft:diamond_boots":1,"minecraft:hay_block":1,"mutantmonsters:mutant_skeleton_rib":1,"minecraft:gold_ingot":35,"minecraft:nether_brick_wall":2,"minecraft:mutton":9,"forbidden_arcanus:spawner_scrap":3,"minecraft:white_wool":2,"born_in_chaos_v1:corpse_maggot":11,"minecraft:netherite_boots":1,"minecraft:leather":14,"minecraft:acacia_wood":1,"minecraft:oak_log":8,"minecraft:chainmail_chestplate":1,"minecraft:golden_boots":2,"minecraft:gunpowder":1,"simple_weapons:iron_sickle":1,"minecraft:stone_bricks":11,"magistuarmory:steel_flamebladedsword":1,"minecraft:iron_ingot":56,"meadow:patched_wool":2,"tombstone:bag_of_seeds":3,"minecraft:glass_bottle":1,"minecraft:soul_sand":2,"born_in_chaos_v1:ethereal_spirit":2,"born_in_chaos_v1:dark_rod":1,"magistuarmory:rustedchainmail_leggings":1,"minecraft:spider_eye":2,"minecraft:purple_bed":12,"immersiveengineering:seed":8,"magistuarmory:rusted_bastardsword":2,"minecraft:iron_helmet":1,"mekanism:fluorite_gem":4,"minecraft:painting":2,"tombstone:magic_scroll":1,"ftbquests:missing_item":2,"minecraft:coal":14,"minecraft:ender_pearl":1},"minecraft:killed":{"minecraft:cave_spider":1,"minecraft:zombified_piglin":3,"born_in_chaos_v1:zombie_lumberjack":2,"minecraft:spider":3,"minecraft:skeleton":3,"minecraft:skeleton_horse":1,"minecraft:zombie_villager":1,"minecraft:pillager":2,"minecraft:zombie":9,"born_in_chaos_v1:dread_hound":1,"born_in_chaos_v1:corpse_fly":2,"minecraft:stray":2,"alexsmobs:fly":9,"minecraft:cow":10,"alexsmobs:tiger":1,"born_in_chaos_v1:maggot":3,"minecraft:phantom":1,"born_in_chaos_v1:corpse_fish":1,"minecraft:drowned":1,"born_in_chaos_v1:fallen_chaos_knight":1,"minecraft:husk":5,"born_in_chaos_v1:baby_skeleton":2,"minecraft:bat":1,"born_in_chaos_v1:dark_vortex":1,"born_in_chaos_v1:nightmare_stalker":1,"minecraft:wither_skeleton":3},"minecraft:mined":{"minecraft:dark_oak_planks":4,"minecraft:spruce_planks":6,"minecraft:white_bed":1,"minecraft:sculk_vein":2,"minecraft:cobblestone_stairs":1,"minecraft:red_nether_bricks":1,"minecraft:grass_block":5,"minecraft:soul_soil":4,"minecraft:spawner":5,"minecraft:iron_ore":23,"minecraft:deepslate_lapis_ore":1,"minecraft:iron_bars":5,"minecraft:spruce_wood":1,"minecraft:spruce_slab":2,"mekanism:osmium_ore":1,"minecraft:calcite":2,"minecraft:cobblestone":8,"minecraft:cyan_bed":2,"minecraft:bricks":1,"minecraft:wall_torch":2,"minecraft:birch_log":1,"minecraft:grass":15,"minecraft:oak_log":8,"minecraft:dirt":2,"minecraft:netherrack":4,"minecraft:cyan_candle":1,"minecraft:deepslate":44,"minecraft:nether_gold_ore":1,"minecraft:tuff":51,"minecraft:mossy_cobblestone":4,"minecraft:nether_brick_wall":1,"minecraft:nether_bricks":5,"minecraft:ladder":1,"minecraft:moss_block":1,"minecraft:black_stained_glass_pane":4,"treechop:chopped_log":7,"minecraft:gold_block":1,"minecraft:nether_brick_fence":1,"minecraft:mossy_stone_brick_stairs":1,"minecraft:shroomlight":2,"minecraft:vine":3,"minecraft:stone":39,"minecraft:soul_sand":2,"minecraft:polished_granite":1,"minecraft:crafting_table":1,"biomesoplenty:fir_planks":3,"minecraft:sculk_sensor":1,"minecraft:deepslate_gold_ore":1,"minecraft:sculk":2,"minecraft:diorite":1,"minecraft:black_stained_glass":1,"minecraft:purple_bed":12,"forbidden_arcanus:xpetrified_ore":1,"minecraft:birch_leaves":1,"minecraft:coal_ore":6,"mekanism:deepslate_fluorite_ore":1,"minecraft:cobweb":2,"mekanism:deepslate_uranium_ore":1,"minecraft:cracked_stone_bricks":1,"minecraft:stripped_acacia_wood":1,"minecraft:stone_bricks":9,"minecraft:mossy_stone_bricks":6,"minecraft:fern":1},"minecraft:killed_by":{"minecraft:zombie_villager":1,"minecraft:wither_skeleton":6,"born_in_chaos_v1:nightmare_stalker":2,"minecraft:pillager":1,"minecraft:vindicator":1,"minecraft:piglin":1,"minecraft:zombie":3,"minecraft:husk":3,"minecraft:player":2,"minecraft:stray":1,"born_in_chaos_v1:decaying_zombie":1,"minecraft:hoglin":1,"mutantmonsters:mutant_skeleton":1,"minecraft:skeleton":3,"minecraft:phantom":1,"born_in_chaos_v1:door_knight":1,"born_in_chaos_v1:dread_hound":2},"minecraft:custom":{"lootr:looted_stat":82,"minecraft:interact_with_crafting_table":18,"minecraft:open_barrel":3,"minecraft:eat_cake_slice":5,"minecraft:leave_game":2,"minecraft:time_since_death":18656,"minecraft:damage_resisted":419,"minecraft:sprint_one_cm":393057,"minecraft:drop":236,"minecraft:play_time":232100,"minecraft:deaths":32,"minecraft:jump":3912,"minecraft:walk_on_water_one_cm":41460,"minecraft:interact_with_furnace":29,"minecraft:sleep_in_bed":10,"minecraft:damage_dealt":17174,"minecraft:crouch_one_cm":30529,"tombstone:undead_killed":34,"minecraft:interact_with_smithing_table":5,"minecraft:mob_kills":122,"minecraft:damage_dealt_resisted":592,"minecraft:climb_one_cm":10356,"minecraft:walk_one_cm":952014,"minecraft:sneak_time":11171,"minecraft:walk_under_water_one_cm":31670,"minecraft:total_world_time":232100,"tombstone:raider_killed":3,"minecraft:time_since_rest":18370,"minecraft:damage_absorbed":1063,"minecraft:damage_taken":16772,"minecraft:swim_one_cm":8096,"minecraft:fly_one_cm":669135,"minecraft:open_chest":2,"minecraft:fall_one_cm":101754},"minecraft:dropped":{"biomesoplenty:fir_log":10,"sophisticatedbackpacks:iron_backpack":1,"minecraft:spruce_sign":2,"minecraft:soul_sand":2,"minecraft:porkchop":5,"aquaculture:box":1,"minecraft:glass_bottle":1,"minecraft:lantern":2,"minecraft:leather":13,"minecraft:cracked_stone_bricks":6,"bakery:sandwich":2,"mutantmonsters:mutant_skeleton_shoulder_pad":1,"biomesoplenty:fir_sapling":4,"minecraft:item_frame":1,"minecraft:emerald":6,"minecraft:gold_block":1,"minecraft:dirt":1,"tombstone:bag_of_seeds":2,"reliquary:salamander_eye":3,"minecraft:dark_oak_log":2,"born_in_chaos_v1:monster_skin":1,"magistuarmory:rusted_bastardsword":2,"minecraft:gold_nugget":8,"minecraft:sugar":4,"meadow:highland_wool":2,"minecraft:iron_pickaxe":1,"meadow:inky_wool":2,"minecraft:dark_oak_planks":5,"minecraft:birch_log":3,"ftbquests:book":1,"minecraft:white_wool":2,"minecraft:gold_ingot":40,"minecraft:bone":45,"magistuarmory:rustedchainmail_leggings":1,"simplyswords:runic_tablet":2,"minecraft:goat_horn":3,"minecraft:golden_chestplate":1,"biomesoplenty:yellow_autumn_sapling":1,"aether:golden_gloves":1,"minecraft:wheat":2,"born_in_chaos_v1:ethereal_spirit":2,"minecraft:rotten_flesh":12,"meadow:patched_wool":2,"minecraft:nether_brick_fence":1,"minecraft:chainmail_chestplate":2,"minecraft:leather_chestplate":1,"supplementaries:ash":4,"minecraft:tipped_arrow":1,"minecraft:turtle_helmet":1,"minecraft:quartz_block":3,"born_in_chaos_v1:corpse_maggot":11,"apotheosis:gem":5,"endrem:nether_eye":1,"minecraft:painting":1,"minecraft:spruce_slab":4,"minecraft:red_nether_bricks":1,"minecraft:iron_bars":2,"minecraft:arrow":5,"minecraft:beef":3,"immersiveengineering:seed":7,"minecraft:netherrack":1,"reliquary:zombie_heart":1,"born_in_chaos_v1:dark_rod":1,"minecraft:egg":2,"mekanism:fluorite_gem":4,"minecraft:enchanted_book":3,"minecraft:golden_boots":1,"minecraft:iron_ingot":55,"born_in_chaos_v1:shattered_skull":1,"magistuarmory:rustedkettlehat":1,"minecraft:wheat_seeds":2,"simplyswords:diamond_chakram":1,"minecraft:golden_helmet":1,"minecraft:mossy_cobblestone":6,"minecraft:diamond_leggings":1,"minecraft:cobblestone":10,"forbidden_arcanus:xpetrified_orb":1,"minecraft:apple":1,"minecraft:nether_brick_wall":2,"minecraft:coal":5,"minecraft:diorite":1,"minecraft:torch":10,"tombstone:grave_key":1,"mekanism:raw_uranium":2,"minecraft:potion":1,"forbidden_arcanus:spawner_scrap":5,"minecraft:rib_armor_trim_smithing_template":1,"tombstone:grave_dust":6,"minecraft:cyan_candle":3,"minecraft:string":2,"minecraft:acacia_planks":1,"minecraft:redstone":2,"alexsmobs:maggot":10,"minecraft:tuff":90,"born_in_chaos_v1:rotten_fish":1,"ftbquests:missing_item":5,"minecraft:iron_boots":1,"simple_weapons:iron_scythe":2,"magistuarmory:rusted_heavymace":1,"minecraft:nether_bricks":5,"dungeonnowloading:spawner_fragment":22,"magistuarmory:gambeson_boots":1,"minecraft:diamond_sword":1,"minecraft:potato":3,"minecraft:hay_block":1,"minecraft:shroomlight":2,"minecraft:shield":2,"minecraft:spruce_planks":12,"simple_weapons:iron_sickle":1,"minecraft:mossy_stone_bricks":4,"minecraft:purple_bed":1,"minecraft:oak_boat":1,"minecraft:golden_sword":1,"minecraft:stone_bricks":5,"minecraft:spider_eye":2,"aquaculture:lockbox":1,"minecraft:stone_pickaxe":1,"minecraft:bow":2,"simplyswords:diamond_scythe":1,"minecraft:wooden_pickaxe":1,"magistuarmory:steel_flamebladedsword":1,"mutantmonsters:mutant_skeleton_skull":1,"minecraft:nether_brick_stairs":1}},"DataVersion":3465}