{"stats":{"minecraft:broken":{"minecraft:iron_pickaxe":1},"minecraft:dropped":{"minecraft:enchanted_book":1,"minecraft:stone_axe":1,"alexsmobs:animal_dictionary":1,"minecraft:ender_pearl":2,"minecraft:poisonous_potato":1,"endrem:old_eye":1,"minecraft:rotten_flesh":3,"patchouli:guide_book":2,"reliquary:chelicerae":1,"paraglider:spirit_orb":12,"minecraft:stick":2,"supplementaries:ash":1,"minecraft:gunpowder":9,"aether:iron_gloves":1,"minecraft:iron_chestplate":2,"born_in_chaos_v1:corpse_maggot":1,"apotheosis:gem":3,"forbidden_arcanus:spawner_scrap":1,"beachparty:rubber_ring_pelican":1,"tombstone:scroll_of_knowledge":1,"tombstone:grave_dust":3,"tombstone:scroll_of_lightning_resistance":2,"born_in_chaos_v1:staffof_magic_arrows":1,"minecraft:bone":4},"minecraft:killed":{"born_in_chaos_v1:zombie_clown":1,"realmrpg_creep:halloweed":1,"dungeonnowloading:sealed_chaos":1,"minecraft:spider":1,"dungeonsweaponry:enchanter":1,"born_in_chaos_v1:decrepit_skeleton":2,"minecraft:skeleton":1,"minecraft:zombie":3,"minecraft:stray":1,"minecraft:wither_skeleton":2},"minecraft:used":{"minecraft:trident":33,"tombstone:scroll_of_knowledge":3,"minecraft:baked_potato":1,"minecraft:iron_chestplate":2,"minecraft:golden_apple":7,"minecraft:diamond_pickaxe":4,"minecraft:apple":3,"minecraft:iron_pickaxe":11,"minecraft:iron_helmet":1,"minecraft:diamond_sword":25,"minecraft:potion":1,"minecraft:chainmail_boots":1,"beachparty:rubber_ring_pelican":1,"minecraft:chainmail_leggings":3},"minecraft:mined":{"minecraft:nether_bricks":4,"minecraft:spawner":8,"minecraft:vine":2,"minecraft:iron_bars":2,"minecraft:netherrack":2,"minecraft:deepslate":1},"minecraft:custom":{"lootr:looted_stat":30,"minecraft:mob_kills":14,"minecraft:damage_dealt_resisted":125,"minecraft:leave_game":2,"minecraft:time_since_death":40099,"minecraft:climb_one_cm":3887,"minecraft:damage_resisted":36,"minecraft:time_since_rest":40099,"minecraft:sprint_one_cm":64278,"minecraft:damage_taken":1165,"minecraft:walk_one_cm":237326,"minecraft:damage_absorbed":239,"minecraft:drop":36,"minecraft:damage_dealt":3409,"minecraft:fly_one_cm":17641,"minecraft:crouch_one_cm":4167,"minecraft:play_time":40099,"tombstone:undead_killed":10,"minecraft:sneak_time":672,"minecraft:jump":189,"minecraft:total_world_time":40099,"minecraft:fall_one_cm":2952},"minecraft:picked_up":{"born_in_chaos_v1:corpse_maggot":1,"born_in_chaos_v1:staffof_magic_arrows":1,"minecraft:iron_chestplate":3,"minecraft:leather_leggings":1,"minecraft:diamond_sword":1,"paraglider:spirit_orb":12,"minecraft:enchanted_book":1,"minecraft:dirt":10,"minecraft:string":4,"minecraft:spawner":2,"minecraft:bone":7,"reliquary:chelicerae":1,"dungeonnowloading:spawner_fragment":11,"minecraft:cobbled_deepslate":1,"minecraft:diamond_helmet":1,"minecraft:stick":2,"apotheosis:gem":3,"minecraft:poisonous_potato":1,"tombstone:grave_dust":5,"minecraft:rotten_flesh":8,"beachparty:rubber_ring_pelican":1,"minecraft:arrow":5,"minecraft:diamond_chestplate":1,"minecraft:nether_bricks":6,"minecraft:chainmail_leggings":1,"minecraft:diamond_boots":1,"minecraft:iron_block":3,"supplementaries:ash":2,"minecraft:coal":1,"minecraft:netherrack":4,"minecraft:iron_bars":2,"forbidden_arcanus:spawner_scrap":2,"minecraft:ender_pearl":2}},"DataVersion":3465}