{"stats":{"minecraft:dropped":{"minecraft:stone_axe":1,"minecraft:spyglass":1,"minecraft:stone_sword":1,"minecraft:wooden_axe":2,"beachparty:rubber_ring_pelican":1,"minecraft:wooden_sword":3,"minecraft:spruce_log":1,"minecraft:wooden_pickaxe":2,"minecraft:spruce_sapling":5},"minecraft:used":{"minecraft:wooden_axe":1,"minecraft:chest":4,"minecraft:wooden_pickaxe":9,"dungeonnowloading:great_experience_bottle":1,"minecraft:stone_axe":5,"minecraft:torch":1,"minecraft:wooden_sword":1,"minecraft:spyglass":4,"minecraft:golden_carrot":5,"minecraft:crafting_table":3},"minecraft:mined":{"valhelsia_structures:explorers_tent":1,"treechop:chopped_log":1,"minecraft:crafting_table":3,"minecraft:torch":1,"minecraft:chest":4,"minecraft:stone":9},"minecraft:custom":{"minecraft:time_since_rest":10258,"lootr:looted_stat":1,"minecraft:sprint_one_cm":32583,"minecraft:damage_taken":458,"minecraft:walk_one_cm":50712,"minecraft:drop":13,"minecraft:damage_dealt":262,"minecraft:swim_one_cm":1486,"minecraft:talked_to_villager":1,"minecraft:interact_with_crafting_table":9,"minecraft:fly_one_cm":51491,"minecraft:open_chest":23,"minecraft:crouch_one_cm":739,"minecraft:play_time":23378,"minecraft:sneak_time":436,"minecraft:jump":367,"minecraft:leave_game":2,"minecraft:time_since_death":23378,"minecraft:walk_on_water_one_cm":217,"minecraft:sleep_in_bed":1,"minecraft:total_world_time":23378,"minecraft:fall_one_cm":5483},"minecraft:crafted":{"minecraft:wooden_sword":1,"minecraft:crafting_table":2,"minecraft:spruce_planks":40,"minecraft:stick":8,"minecraft:wooden_pickaxe":1,"minecraft:stone_pickaxe":1,"minecraft:wooden_axe":1,"minecraft:stone_sword":1,"minecraft:chest":1,"minecraft:stone_axe":1},"minecraft:picked_up":{"minecraft:wooden_axe":1,"minecraft:stick":2,"minecraft:crafting_table":3,"minecraft:golden_carrot":13,"minecraft:torch":2,"minecraft:wooden_pickaxe":1,"minecraft:spyglass":2,"minecraft:spruce_sapling":5,"dungeonnowloading:great_experience_bottle":1,"minecraft:spruce_log":11,"valhelsia_structures:explorers_tent":1,"minecraft:wooden_sword":2,"beachparty:rubber_ring_pelican":2,"minecraft:stone_sword":1,"minecraft:stone_axe":1,"minecraft:chest":4,"delightful:green_tea_leaf":1,"valhelsia_structures:light_gray_sleeping_bag":1,"minecraft:cobblestone":9}},"DataVersion":3465}