{"stats":{"minecraft:used":{"dungeonsweaponry:double_axe":83,"tombstone:scroll_of_lightning_resistance":1,"valhelsia_structures:unlit_lantern":1,"minecraft:iron_shovel":52,"tombstone:scroll_of_frost_resistance":1,"minecraft:chest":2,"minecraft:iron_chestplate":2,"tombstone:scroll_of_preservation":3,"minecraft:dirt":3,"tombstone:scroll_of_aquatic_life":1,"dungeonsweaponry:dancers_sword":14,"dungeonsweaponry:claymore":13,"endrem:old_eye":1,"minecraft:lantern":1,"minecraft:iron_axe":1,"minecraft:iron_helmet":1,"minecraft:iron_boots":1,"minecraft:furnace":1,"tombstone:gift":3,"minecraft:enchanted_golden_apple":1,"minecraft:iron_leggings":1,"minecraft:brown_bed":3,"minecraft:water_bucket":5,"tombstone:scroll_of_knowledge":1,"minecraft:stone_pickaxe":29,"minecraft:wooden_pickaxe":16,"artifacts:eternal_steak":32,"tombstone:tablet_of_guard":1,"tombstone:scroll_of_feather_fall":2,"minecraft:crafting_table":4,"minecraft:spruce_log":1,"minecraft:apple":6,"minecraft:iron_pickaxe":128,"tombstone:magic_scroll":6,"forbidden_arcanus:aureal_bottle":1,"minecraft:stone_axe":35,"minecraft:pink_petals":1,"minecraft:cobblestone":16,"forbidden_arcanus:splash_aureal_bottle":3,"minecraft:bucket":5,"minecraft:oak_boat":1,"tombstone:scroll_of_unstable_intangibility":1},"minecraft:crafted":{"artifacts:eternal_steak":1,"minecraft:oak_planks":72,"minecraft:raw_iron":18,"minecraft:furnace":1,"minecraft:stone_pickaxe":1,"minecraft:chest":2,"minecraft:crafting_table":2,"minecraft:spruce_planks":24,"minecraft:wooden_pickaxe":1,"minecraft:stone_axe":1,"minecraft:air":0,"minecraft:oak_boat":1,"minecraft:stick":8,"minecraft:iron_pickaxe":1},"minecraft:picked_up":{"minecraft:fishing_rod":1,"minecraft:iron_chestplate":1,"minecraft:crafting_table":2,"minecraft:chicken":10,"minecraft:anvil":2,"minecraft:brown_bed":7,"occultism:raw_silver":1,"minecraft:enchanted_book":1,"dungeonsweaponry:guardian_bow":1,"minecraft:iron_axe":2,"minecraft:smooth_stone_slab":4,"minecraft:string":7,"minecraft:iron_leggings":1,"minecraft:iron_shovel":1,"dungeonnowloading:spawner_fragment":6,"minecraft:spruce_planks":10,"minecraft:beef":4,"minecraft:spruce_slab":1,"minecraft:melon_slice":10,"delightful:green_tea_leaf":1,"minecraft:iron_boots":1,"minecraft:egg":4,"minecraft:stick":2,"minecraft:raw_iron":7,"apotheosis:gem":2,"minecraft:polished_deepslate_slab":2,"minecraft:porkchop":6,"tombstone:grave_dust":2,"minecraft:carrot":21,"dungeonsweaponry:claymore":1,"artifacts:everlasting_beef":1,"minecraft:rotten_flesh":8,"aether:chainmail_gloves":4,"minecraft:hay_block":4,"minecraft:saddle":3,"forbidden_arcanus:spawner_scrap":1,"minecraft:skeleton_skull":1,"minecraft:cobblestone":111,"minecraft:pink_petals":1,"minecraft:feather":6,"minecraft:water_bucket":1,"minecraft:leather":4,"minecraft:potato":12,"minecraft:filled_map":2,"paraglider:spirit_orb":4,"minecraft:flint":1,"minecraft:gunpowder":1,"mutantmonsters:mutant_skeleton_limb":1,"minecraft:dirt":17,"minecraft:lantern":1,"minecraft:bone":23,"minecraft:chipped_anvil":1,"minecraft:apple":1,"minecraft:stone_bricks":19,"minecraft:wheat_seeds":1,"minecraft:cobbled_deepslate_slab":1,"minecraft:dark_oak_sign":2,"neapolitan:strawberry_scones":1,"minecraft:black_candle":3,"minecraft:raw_iron_block":2,"minecraft:gravel":22,"minecraft:sand":2,"minecraft:spruce_sapling":1,"minecraft:spruce_log":13,"minecraft:grass_block":1,"minecraft:iron_helmet":1,"minecraft:granite":10,"dungeonsweaponry:glaive":2,"minecraft:emerald":5,"reliquary:witch_hat":4,"tombstone:magic_scroll":1,"valhelsia_structures:unlit_lantern":1,"dungeonsweaponry:double_axe":1,"minecraft:ender_pearl":1},"minecraft:killed":{"alexsmobs:raccoon":2,"dungeonsweaponry:vanguard":11,"minecraft:spider":1,"minecraft:skeleton":5,"minecraft:chicken":5,"minecraft:pig":4,"born_in_chaos_v1:baby_skeleton":2,"endermanoverhaul:snowy_enderman":1,"mutantmonsters:mutant_skeleton":1,"minecraft:creeper":1,"born_in_chaos_v1:decrepit_skeleton":3,"born_in_chaos_v1:decaying_zombie":1,"minecraft:zombie":3,"alexsmobs:fly":2,"minecraft:cow":5},"minecraft:mined":{"minecraft:granite":10,"minecraft:cobbled_deepslate_slab":1,"minecraft:grass_block":9,"minecraft:spawner":2,"minecraft:hay_block":5,"minecraft:raw_iron_block":2,"minecraft:iron_ore":7,"treechop:chopped_log":2,"minecraft:anvil":2,"minecraft:brown_bed":4,"minecraft:polished_deepslate_slab":2,"minecraft:black_candle":1,"occultism:silver_ore":1,"minecraft:stone":100,"minecraft:spruce_slab":1,"minecraft:crafting_table":2,"minecraft:melon":1,"minecraft:tall_grass":2,"minecraft:cobblestone":11,"minecraft:pink_petals":3,"realmrpg_skeletons:bow_skeleton":1,"minecraft:spruce_log":1,"minecraft:smooth_stone_slab":4,"minecraft:grass":12,"minecraft:sand":2,"minecraft:gravel":23,"minecraft:dirt":22,"minecraft:stone_bricks":24,"minecraft:mossy_stone_bricks":1,"minecraft:chipped_anvil":1},"minecraft:custom":{"minecraft:interact_with_smithing_table":1,"lootr:looted_stat":51,"minecraft:interact_with_anvil":1,"minecraft:mob_kills":47,"minecraft:interact_with_crafting_table":9,"minecraft:open_barrel":5,"minecraft:damage_dealt_resisted":0,"minecraft:eat_cake_slice":1,"minecraft:leave_game":1,"minecraft:time_since_death":101916,"minecraft:climb_one_cm":8087,"minecraft:damage_resisted":19,"minecraft:sprint_one_cm":322494,"minecraft:walk_one_cm":225619,"minecraft:drop":82,"minecraft:play_time":101916,"minecraft:sneak_time":770,"minecraft:walk_under_water_one_cm":49868,"minecraft:boat_one_cm":20,"minecraft:jump":2169,"minecraft:walk_on_water_one_cm":45105,"minecraft:total_world_time":101916,"minecraft:interact_with_furnace":8,"minecraft:sleep_in_bed":3,"minecraft:time_since_rest":10770,"minecraft:waystone_activated":1,"minecraft:damage_taken":2618,"minecraft:damage_absorbed":70,"minecraft:damage_dealt":9826,"tombstone:cast_on_ally":4,"minecraft:swim_one_cm":23584,"minecraft:fly_one_cm":517609,"minecraft:open_chest":12,"minecraft:crouch_one_cm":1505,"tombstone:undead_killed":15,"minecraft:fall_one_cm":61755},"minecraft:dropped":{"minecraft:wheat_seeds":1,"minecraft:glass_bottle":1,"minecraft:ender_pearl":1,"minecraft:feather":6,"minecraft:cobblestone":3,"minecraft:iron_helmet":2,"minecraft:leather":2,"minecraft:apple":1,"delightful:green_tea_leaf":1,"minecraft:saddle":4,"minecraft:dirt":4,"minecraft:black_candle":3,"reliquary:witch_hat":3,"minecraft:melon_slice":5,"tombstone:grave_dust":2,"minecraft:iron_leggings":2,"minecraft:iron_axe":3,"minecraft:iron_shovel":1,"minecraft:string":12,"minecraft:fishing_rod":1,"minecraft:spruce_sapling":1,"minecraft:dark_oak_sign":2,"neapolitan:strawberry_scones":1,"minecraft:smooth_stone_slab":2,"minecraft:chicken":10,"minecraft:polished_deepslate_slab":2,"minecraft:rotten_flesh":8,"minecraft:iron_boots":2,"dungeonsweaponry:claymore":1,"dungeonsweaponry:glaive":1,"minecraft:cobbled_deepslate_slab":1,"minecraft:carrot":21,"dungeonsweaponry:double_axe":1,"minecraft:filled_map":2,"beachparty:rubber_ring_axolotl":1,"minecraft:potato":12,"minecraft:gunpowder":1,"aether:chainmail_gloves":5,"minecraft:skeleton_skull":1,"minecraft:spruce_planks":10,"minecraft:iron_chestplate":2,"minecraft:charcoal":1,"apotheosis:gem":2,"minecraft:brown_bed":3,"minecraft:spruce_slab":1,"minecraft:spruce_log":2,"minecraft:wooden_pickaxe":1,"minecraft:stone_pickaxe":1,"minecraft:raw_gold":4,"minecraft:water_bucket":1,"minecraft:enchanted_book":1}},"DataVersion":3465}