{"stats":{"minecraft:used":{"minecraft:nether_brick_fence":1,"minecraft:polished_granite_stairs":4,"minecraft:ladder":2,"minecraft:iron_sword":297,"minecraft:player_head":1,"tombstone:scroll_of_preservation":1,"minecraft:nether_bricks":13,"minecraft:cyan_terracotta":17,"minecraft:lantern":1,"minecraft:iron_helmet":1,"minecraft:stone_bricks":91,"minecraft:item_frame":1,"minecraft:bow":2,"supplementaries:ash":2,"minecraft:gray_bed":2,"minecraft:egg":1,"minecraft:oak_planks":201,"minecraft:wooden_pickaxe":8,"biomesoplenty:fir_planks":178,"tombstone:scroll_of_true_sight":5,"minecraft:golden_apple":1,"minecraft:mushroom_stew":12,"minecraft:gray_concrete":2,"tombstone:grave_key":31,"minecraft:warped_button":1,"minecraft:iron_bars":2,"minecraft:stone_sword":5,"simplyswords:diamond_glaive":398,"minecraft:granite_stairs":4,"minecraft:spruce_planks":75,"minecraft:torch":32,"minecraft:dirt":9,"tombstone:scroll_of_aquatic_life":2,"minecraft:diamond_helmet":1,"minecraft:nether_brick_stairs":5,"minecraft:dark_oak_planks":1,"minecraft:iron_axe":72,"minecraft:iron_boots":1,"minecraft:golden_carrot":20,"minecraft:goat_horn":2,"tombstone:gift":18,"minecraft:cooked_beef":2,"minecraft:acacia_planks":21,"minecraft:cooked_mutton":9,"minecraft:mossy_cobblestone":2,"tombstone:scroll_of_feather_fall":5,"minecraft:crafting_table":3,"minecraft:white_bed":3,"tombstone:tablet_of_home":1,"minecraft:painting":1,"minecraft:smoker":1,"minecraft:oak_log":1,"minecraft:apple":1,"minecraft:iron_pickaxe":218,"tombstone:magic_scroll":6,"minecraft:chiseled_stone_bricks":1,"minecraft:cobblestone":49,"minecraft:potion":6,"minecraft:purple_bed":6,"minecraft:stripped_oak_log":2,"biomesoplenty:fir_log":1,"minecraft:splash_potion":1},"minecraft:crafted":{"minecraft:oak_planks":196,"croptopia:toast":40,"sophisticatedbackpacks:crafting_upgrade":1,"minecraft:chest":1,"minecraft:crafting_table":4,"minecraft:spruce_planks":68,"sophisticatedbackpacks:upgrade_base":1,"biomesoplenty:fir_planks":280,"minecraft:stick":4,"minecraft:iron_pickaxe":1,"minecraft:iron_axe":2,"minecraft:golden_helmet":4,"minecraft:wheat":135,"sophisticatedbackpacks:iron_backpack":1,"sophisticatedbackpacks:gold_backpack":1,"minecraft:bread":45,"minecraft:air":0,"minecraft:acacia_planks":20},"minecraft:broken":{"aether:golden_gloves":1,"minecraft:diamond_helmet":1,"minecraft:iron_boots":2,"minecraft:iron_chestplate":2,"minecraft:golden_leggings":1,"minecraft:iron_sword":1},"minecraft:picked_up":{"minecraft:iron_chestplate":1,"minecraft:nether_brick_fence":2,"minecraft:smithing_table":1,"minecraft:lead":1,"minecraft:oak_stairs":2,"minecraft:enchanted_book":2,"minecraft:potion":1,"magistuarmory:steel_lucernhammer":2,"minecraft:string":22,"aether:diamond_gloves":2,"minecraft:iron_leggings":1,"minecraft:shroomlight":2,"minecraft:gold_nugget":2,"minecraft:bucket":1,"reliquary:zombie_heart":1,"biomesoplenty:fir_planks":7,"minecraft:spruce_planks":3,"minecraft:calcite":2,"delightful:green_tea_leaf":3,"minecraft:iron_boots":1,"minecraft:tipped_arrow":2,"minecraft:stick":25,"apotheosis:gem":12,"minecraft:torch":1,"deeperdarker:heart_of_the_deep":3,"magistuarmory:rusted_heavymace":1,"minecraft:warped_button":1,"tombstone:grave_dust":19,"aether:golden_gloves":1,"born_in_chaos_v1:nightmare_claw":1,"magistuarmory:rustedcrusader_chestplate":1,"minecraft:brown_carpet":2,"minecraft:stone_sword":1,"minecraft:rotten_flesh":66,"aether:chainmail_gloves":1,"minecraft:cyan_terracotta":18,"supplementaries:ash":34,"minecraft:blaze_rod":1,"mutantmonsters:mutant_skeleton_shoulder_pad":1,"minecraft:iron_bars":12,"minecraft:cobblestone":97,"paraglider:paraglider":1,"minecraft:cooked_beef":2,"simple_weapons:iron_scythe":1,"magistuarmory:rustedchainmail_boots":1,"minecraft:smoker":1,"biomesoplenty:fir_sapling":10,"biomesoplenty:fir_log":135,"paraglider:spirit_orb":172,"minecraft:flint":3,"minecraft:stripped_spruce_wood":17,"simplyswords:flamewind":1,"minecraft:gray_concrete":2,"minecraft:dirt":9,"minecraft:lantern":2,"born_in_chaos_v1:monster_skin":2,"minecraft:bone":67,"minecraft:acacia_planks":1,"minecraft:bow":1,"minecraft:wheat_seeds":1,"minecraft:diamond_helmet":1,"minecraft:oak_planks":6,"minecraft:cooked_porkchop":25,"dungeonnowloading:scepter_of_sealed_chaos":1,"minecraft:nether_brick_stairs":6,"minecraft:spectral_arrow":9,"alexsmobs:animal_dictionary":2,"minecraft:mossy_cobblestone":2,"minecraft:bundle":2,"born_in_chaos_v1:fire_dust":1,"magistuarmory:corruptedroundshield":2,"minecraft:crossbow":2,"minecraft:golden_apple":1,"minecraft:spruce_sign":1,"minecraft:emerald":8,"minecraft:oak_sapling":6,"minecraft:diamond_pickaxe":1,"endrem:magical_eye":1,"minecraft:charcoal":4,"minecraft:nether_wart":1,"minecraft:chicken":1,"minecraft:ladder":2,"born_in_chaos_v1:seedof_chaos":1,"minecraft:wooden_pickaxe":1,"minecraft:gold_block":3,"minecraft:shield":1,"minecraft:iron_axe":2,"minecraft:item_frame":2,"minecraft:cyan_carpet":4,"dungeonnowloading:spawner_fragment":182,"deeperdarker:warden_carapace":6,"minecraft:cracked_stone_bricks":2,"minecraft:netherite_sword":1,"minecraft:player_head":1,"minecraft:iron_nugget":10,"minecraft:spruce_slab":1,"minecraft_121_update:ominous_key":1,"minecraft:phantom_membrane":1,"minecraft:egg":3,"forbidden_arcanus:bat_wing":1,"magistuarmory:gothic_boots":2,"reliquary:rib_bone":1,"magistuarmory:rustedbarbute":1,"minecraft:fire_charge":1,"simplyswords:iron_halberd":1,"magistuarmory:rustedkettlehat":1,"minecraft:stone_button":3,"born_in_chaos_v1:pieceofdarkmetal":7,"minecraft:carrot":2,"minecraft:dark_oak_planks":2,"minecraft:polished_granite_stairs":5,"minecraft:arrow":30,"minecraft:nether_bricks":13,"minecraft:hay_block":15,"aquaculture:carp":1,"minecraft:gold_ingot":3,"miners_delight:bat_wing":2,"tombstone:essence_of_undeath":1,"minecraft:totem_of_undying":1,"sophisticatedbackpacks:copper_backpack":1,"minecraft:brick_stairs":13,"forbidden_arcanus:spawner_scrap":43,"minecraft:skeleton_skull":1,"minecraft:stripped_oak_log":2,"born_in_chaos_v1:corpse_maggot":13,"minecraft:leather":6,"minecraft:acacia_wood":8,"minecraft:birch_planks":2,"minecraft:granite_stairs":4,"minecraft:oak_log":55,"minecraft:chainmail_chestplate":1,"minecraft:golden_boots":3,"minecraft:gunpowder":3,"mutantmonsters:mutant_skeleton_limb":1,"tombstone:gift":1,"apotheosis:warden_tendril":4,"minecraft:cooked_mutton":1,"minecraft:apple":2,"minecraft:stone_bricks":30,"magistuarmory:steel_flamebladedsword":2,"minecraft:rabbit_hide":1,"minecraft:iron_ingot":1,"tombstone:bag_of_seeds":1,"minecraft:gray_bed":2,"minecraft:iron_sword":1,"minecraft:purple_concrete":4,"minecraft:book":6,"minecraft:sculk_catalyst":3,"minecraft:chiseled_stone_bricks":1,"born_in_chaos_v1:ethereal_spirit":6,"minecraft:gravel":4,"born_in_chaos_v1:dark_rod":2,"minecraft:white_bed":4,"minecraft:spruce_log":2,"minecraft:nether_brick_slab":3,"minecraft:spider_eye":8,"biomesoplenty:maple_sapling":9,"minecraft:purple_bed":7,"minecraft:slime_ball":7,"immersiveengineering:seed":5,"minecraft:chainmail_leggings":1,"minecraft:painting":1,"tombstone:magic_scroll":1,"minecraft:coal":14,"minecraft:ender_pearl":2},"minecraft:killed":{"minecraft:witch":2,"born_in_chaos_v1:zombie_lumberjack":2,"minecraft:spider":18,"born_in_chaos_v1:scarlet_persecutor":4,"minecraft:skeleton":19,"alexsmobs:banana_slug":1,"minecraft:piglin":1,"minecraft:creeper":2,"minecraft:pillager":9,"minecraft:zombie":22,"born_in_chaos_v1:corpse_fly":7,"minecraft:stray":3,"born_in_chaos_v1:door_knight":2,"minecraft:blaze":6,"minecraft:cow":1,"minecraft:vex":9,"minecraft:evoker":1,"graveyard:nightmare":1,"minecraft:vindicator":1,"minecraft:slime":5,"born_in_chaos_v1:zombie_bruiser":2,"born_in_chaos_v1:firelight":1,"born_in_chaos_v1:maggot":16,"minecraft:warden":2,"born_in_chaos_v1:fallen_chaos_knight":2,"minecraft:husk":12,"born_in_chaos_v1:baby_skeleton":3,"born_in_chaos_v1:swarmer":2,"minecraft:hoglin":9,"born_in_chaos_v1:decrepit_skeleton":4,"born_in_chaos_v1:bloody_gadfly":1,"born_in_chaos_v1:dark_vortex":1,"born_in_chaos_v1:nightmare_stalker":1,"minecraft:wither_skeleton":35},"minecraft:mined":{"minecraft:dark_oak_planks":5,"minecraft:spruce_planks":3,"minecraft:white_bed":3,"minecraft:sculk_vein":1,"minecraft:grass_block":5,"minecraft:spawner":46,"minecraft:fire":14,"minecraft:nether_brick_stairs":1,"minecraft:iron_bars":12,"minecraft:granite_stairs":4,"minecraft:polished_granite_stairs":8,"minecraft:spruce_slab":1,"minecraft:cyan_terracotta":18,"minecraft:smoker":1,"minecraft:soul_fire":1,"delightful:pumpkin_pie":1,"minecraft:nether_brick_slab":3,"realmrpg_skeletons:thief_skeleton":1,"minecraft:cobblestone":9,"minecraft:oak_planks":5,"minecraft:skeleton_skull":1,"realmrpg_skeletons:webbed_skeleton":1,"minecraft:grass":22,"minecraft:oak_log":1,"minecraft:dirt":4,"minecraft:mossy_cobblestone":3,"minecraft:nether_bricks":1,"minecraft:ladder":1,"minecraft:stone_button":1,"minecraft:brick_stairs":14,"minecraft:hay_block":16,"minecraft:acacia_wood":10,"treechop:chopped_log":3,"minecraft:nether_brick_fence":2,"minecraft:bookshelf":2,"minecraft:stripped_oak_log":2,"minecraft:stone":83,"minecraft:smithing_table":1,"minecraft:gray_concrete":3,"biomesoplenty:fir_planks":7,"biomesoplenty:sprout":2,"minecraft:purple_bed":5,"minecraft:gray_bed":2,"minecraft:purple_concrete":4,"minecraft:gravel":5,"minecraft:cyan_carpet":2,"minecraft:cobweb":4,"minecraft:acacia_planks":2,"minecraft:stripped_acacia_wood":1,"minecraft:stone_bricks":5,"pots_and_mimics:treasure_pot":1,"minecraft:fern":1},"minecraft:killed_by":{"minecraft:wither_skeleton":15,"minecraft:creeper":2,"minecraft:pillager":5,"born_in_chaos_v1:corpse_fly":1,"minecraft:blaze":1,"minecraft:zombie":4,"born_in_chaos_v1:dire_hound_leader":2,"minecraft:husk":11,"minecraft:player":7,"minecraft:spider":2,"minecraft:warden":12,"born_in_chaos_v1:decrepit_skeleton":1,"minecraft:hoglin":3,"minecraft:skeleton":9,"minecraft:phantom":5,"born_in_chaos_v1:door_knight":1,"born_in_chaos_v1:dread_hound":2},"minecraft:custom":{"lootr:looted_stat":157,"minecraft:interact_with_crafting_table":15,"minecraft:open_barrel":4,"minecraft:eat_cake_slice":17,"minecraft:leave_game":5,"minecraft:time_since_death":10696,"minecraft:damage_resisted":178,"minecraft:sprint_one_cm":1286050,"minecraft:drop":222,"minecraft:talked_to_villager":1,"minecraft:play_time":283528,"minecraft:deaths":96,"minecraft:jump":5077,"minecraft:walk_on_water_one_cm":14803,"minecraft:sleep_in_bed":7,"tombstone:sneak_grave":9,"minecraft:damage_dealt":39913,"minecraft:player_kills":7,"minecraft:crouch_one_cm":21238,"tombstone:undead_killed":108,"minecraft:interact_with_smoker":14,"minecraft:horse_one_cm":486,"minecraft:interact_with_smithing_table":1,"minecraft:mob_kills":217,"minecraft:damage_dealt_resisted":2278,"minecraft:climb_one_cm":10065,"minecraft:walk_one_cm":733138,"minecraft:sneak_time":10872,"minecraft:walk_under_water_one_cm":16552,"minecraft:total_world_time":283528,"tombstone:raider_killed":13,"minecraft:time_since_rest":10448,"minecraft:damage_absorbed":40,"minecraft:damage_taken":36046,"tombstone:cast_on_ally":7,"minecraft:swim_one_cm":8006,"minecraft:fly_one_cm":1032079,"minecraft:open_chest":11,"minecraft:fall_one_cm":192193},"minecraft:dropped":{"aquaculture:carp":1,"minecraft:spruce_sign":1,"minecraft:acacia_wood":4,"minecraft:birch_planks":2,"minecraft:oak_log":4,"minecraft:ender_pearl":1,"minecraft:glass_bottle":5,"magistuarmory:rustedcrusader_chestplate":1,"minecraft:lantern":1,"tombstone:tablet_of_assistance":2,"simplyswords:iron_halberd":1,"born_in_chaos_v1:pieceofdarkmetal":3,"mutantmonsters:mutant_skeleton_shoulder_pad":1,"minecraft:item_frame":1,"biomesoplenty:fir_sapling":10,"minecraft:emerald":3,"minecraft:flint":3,"minecraft:cyan_terracotta":1,"born_in_chaos_v1:monster_flesh":1,"minecraft:stone_button":3,"minecraft:gold_nugget":1,"magistuarmory:corruptedroundshield":1,"minecraft:dark_oak_planks":1,"minecraft:gold_ingot":3,"minecraft:bone":29,"minecraft:gravel":4,"minecraft:goat_horn":1,"minecraft:iron_nugget":10,"alexsmobs:animal_dictionary":3,"aether:golden_gloves":1,"minecraft:rotten_flesh":45,"minecraft:oak_planks":1,"minecraft:cooked_mutton":1,"minecraft:white_bed":1,"minecraft:carrot":2,"patchouli:guide_book":2,"minecraft:chainmail_chestplate":2,"minecraft:rabbit_hide":2,"supplementaries:ash":15,"minecraft:tipped_arrow":1,"born_in_chaos_v1:seedof_chaos":1,"minecraft:gunpowder":3,"minecraft:skeleton_skull":1,"minecraft:charcoal":4,"born_in_chaos_v1:corpse_maggot":9,"apotheosis:gem":6,"minecraft:spruce_slab":1,"magistuarmory:gothic_boots":2,"minecraft:iron_bars":3,"minecraft:arrow":22,"immersiveengineering:seed":7,"reliquary:zombie_heart":1,"minecraft:egg":2,"minecraft:enchanted_book":4,"minecraft:golden_boots":2,"magistuarmory:rustedkettlehat":1,"minecraft:wheat_seeds":1,"biomesoplenty:maple_sapling":9,"minecraft:cobblestone":6,"minecraft:lead":1,"minecraft:book":3,"minecraft:purple_concrete":4,"minecraft:spectral_arrow":9,"delightful:green_tea_leaf":3,"simplyswords:flamewind":1,"magistuarmory:steel_lucernhammer":2,"tombstone:grave_key":1,"forbidden_arcanus:spawner_scrap":1,"tombstone:grave_dust":10,"minecraft:iron_leggings":1,"minecraft:iron_axe":1,"minecraft:chainmail_leggings":1,"reliquary:rib_bone":1,"minecraft:bowl":8,"minecraft:chicken":1,"simple_weapons:iron_scythe":1,"magistuarmory:rusted_heavymace":1,"forbidden_arcanus:bat_wing":1,"dungeonnowloading:spawner_fragment":5,"minecraft:polished_granite_stairs":1,"minecraft:shroomlight":2,"miners_delight:bat_wing":2,"aether:chainmail_gloves":1,"aether:diamond_gloves":1,"minecraft:bundle":1,"mutantmonsters:mutant_skeleton_limb":1,"minecraft:oak_sapling":6,"minecraft:spider_eye":2,"minecraft:spruce_log":2,"sophisticatedbackpacks:copper_backpack":2,"minecraft:bow":2,"minecraft:wooden_pickaxe":1,"minecraft:calcite":2,"magistuarmory:steel_flamebladedsword":1}},"DataVersion":3465}