{"stats":{"minecraft:broken":{"minecraft:diamond_helmet":1,"aether:chainmail_gloves":1,"minecraft:diamond_chestplate":1,"minecraft:chainmail_leggings":1,"minecraft:diamond_leggings":1,"minecraft:turtle_helmet":1},"minecraft:dropped":{"sophisticatedbackpacks:iron_backpack":1,"croptopia:pineapple_seed":3,"minecraft:iron_sword":1,"minecraft:candle":1,"simplyswords:iron_glaive":1,"minecraft:oak_log":1,"minecraft:glass_bottle":2,"minecraft:diamond":16,"minecraft:decorated_pot":1,"magistuarmory:rustedcrusader_chestplate":1,"minecraft:cookie":5,"dungeonnowloading:cobblestone_pebble":3,"minecraft:leather":20,"dungeonnowloading:great_experience_bottle":5,"minecraft:cracked_stone_bricks":1,"graveyard:corruption":6,"paraglider:spirit_orb":28,"minecraft:cod":5,"minecraft:item_frame":1,"tombstone:bag_of_seeds":2,"beachparty:rubber_ring_pelican":1,"magistuarmory:corruptedroundshield":2,"minecraft:bone":72,"minecraft:armor_stand":1,"vinery:red_grape_seeds":3,"magistuarmory:rustedchainmail_leggings":2,"minecraft:gravel":6,"minecraft:spyglass":2,"dungeonnowloading:scepter_of_sealed_chaos":2,"alexsmobs:animal_dictionary":1,"botania:brown_mystical_flower":1,"miners_delight:silverfish_eggs":2,"born_in_chaos_v1:ethereal_spirit":1,"endrem:rogue_eye":1,"tombstone:gift":1,"vinery:wine_bottle":1,"minecraft:rotten_flesh":55,"dungeonnowloading:mossy_cobblestone_pebble":3,"patchouli:guide_book":2,"bosses_of_mass_destruction:soul_star":4,"supplementaries:ash":40,"minecraft:tipped_arrow":7,"minecraft:gunpowder":6,"minecraft:charcoal":8,"born_in_chaos_v1:corpse_maggot":12,"apotheosis:gem":15,"magistuarmory:rustedchainmail_chestplate":1,"valhelsia_structures:explorers_tent":2,"minecraft:iron_bars":7,"minecraft:arrow":20,"magistuarmory:rustedchainmail_boots":1,"immersiveengineering:seed":3,"born_in_chaos_v1:dark_rod":3,"minecraft:spawner":1,"minecraft:enchanted_book":5,"tombstone:scroll_of_feather_fall":1,"minecraft:iron_ingot":4,"magistuarmory:rustedkettlehat":1,"minecraft:wheat_seeds":2,"minecraft:cherry_log":1,"reliquary:mob_charm_fragment":3,"vinery:cherry_wine":1,"minecraft:cobblestone":1,"minecraft:book":3,"forbidden_arcanus:xpetrified_orb":2,"minecraft:apple":22,"minecraft:golden_apple":1,"minecraft:stick":10,"minecraft:iron_block":3,"bakery:strawberry_seeds":3,"minecraft:golden_carrot":13,"tombstone:magic_scroll":2,"minecraft:wooden_axe":1,"forbidden_arcanus:spawner_scrap":10,"minecraft:diamond_helmet":2,"tombstone:grave_dust":11,"minecraft:potion":1,"minecraft:iron_leggings":2,"minecraft:iron_axe":1,"born_in_chaos_v1:staffof_magic_arrows":1,"minecraft:smooth_stone":10,"minecraft:string":11,"reliquary:rib_bone":1,"minecraft:spruce_sapling":6,"minecraft:stone_brick_slab":1,"simplyswords:diamond_greataxe":1,"minecraft:stone_sword":1,"minecraft:dark_oak_sign":2,"valhelsia_structures:gray_sleeping_bag":2,"valhelsia_structures:light_gray_sleeping_bag":1,"minecraft:raw_iron":2,"ftbquests:missing_item":3,"magistuarmory:rustedhalfarmor_chestplate":1,"sophisticatedbackpacks:backpack":1,"dungeonnowloading:spawner_fragment":64,"delightful:salmonberry_pips":2,"minecraft:filled_map":4,"minecraft:diamond_sword":2,"minecraft:hay_block":1,"minecraft:flower_pot":1,"miners_delight:bat_wing":1,"realmrpg_creep:creeping_sprout":3,"dungeonnowloading:spawner_boots":5,"minecraft:bundle":5,"minecraft:iron_chestplate":3,"minecraft:mossy_stone_bricks":2,"croptopia:basil_seed":3,"minecraft:stone_bricks":3,"minecraft:spider_eye":1,"tombstone:essence_of_undeath":2,"minecraft:diamond_boots":1,"minecraft:spruce_log":2,"aquaculture:lockbox":1,"minecraft:bow":3,"valhelsia_structures:brown_sleeping_bag":1,"ftbquests:lootcrate":1,"minecraft:cooked_rabbit":28,"dungeonnowloading:spawner_frame":8,"tombstone:tablet_of_cupidity":2},"minecraft:killed":{"minecraft:cave_spider":3,"minecraft:witch":3,"born_in_chaos_v1:zombie_lumberjack":3,"minecraft:spider":19,"born_in_chaos_v1:baby_skeleton_minion":2,"minecraft:skeleton":20,"graveyard:acolyte":2,"minecraft:chicken":4,"minecraft:silverfish":1,"artifacts:mimic":1,"born_in_chaos_v1:bonescaller":1,"alexsmobs:grizzly_bear":3,"minecraft:zombie_villager":1,"minecraft:creeper":4,"minecraft:pillager":4,"minecraft:zombie":64,"born_in_chaos_v1:dread_hound":1,"born_in_chaos_v1:corpse_fly":1,"minecraft:stray":67,"dungeonnowloading:sealed_chaos":3,"born_in_chaos_v1:zombie_bruiser":1,"born_in_chaos_v1:maggot":22,"minecraft:bat":1,"born_in_chaos_v1:decrepit_skeleton":3,"born_in_chaos_v1:decaying_zombie":1,"born_in_chaos_v1:dark_vortex":2},"minecraft:used":{"minecraft:iron_shovel":6,"minecraft:chest":3,"botania:magenta_double_flower":1,"minecraft:bricks":4,"graveyard:gray_urn":1,"minecraft:music_disc_ward":1,"simplyswords:iron_longsword":12,"minecraft:stone_bricks":7,"minecraft:item_frame":1,"minecraft:magma_block":3,"minecraft:bow":142,"supplementaries:ash":1,"minecraft:furnace":1,"minecraft:potato":12,"minecraft:mossy_stone_bricks":3,"minecraft:diamond_boots":3,"simplyswords:iron_rapier":5,"minecraft:oak_planks":1,"minecraft:stone_pickaxe":11,"minecraft:wooden_pickaxe":24,"minecraft:blue_bed":7,"minecraft:golden_apple":12,"simplyswords:diamond_greataxe":182,"simplyswords:iron_halberd":221,"dungeonnowloading:spawner_boots":3,"minecraft:black_bed":2,"minecraft:bread":31,"minecraft:iron_door":1,"dungeonnowloading:scepter_of_sealed_chaos":92,"vinery:cherry_wine":3,"minecraft:nether_wart_block":1,"minecraft:diamond_sword":390,"minecraft:smithing_table":1,"minecraft:cooked_rabbit":63,"minecraft:smooth_stone_slab":2,"dungeonnowloading:cobblestone_pebble":1,"minecraft:trident":4,"minecraft:netherite_sword":7,"sophisticatedbackpacks:iron_backpack":1,"minecraft:iron_bars":6,"minecraft:stone_sword":49,"minecraft:spruce_planks":38,"minecraft:wooden_shovel":12,"valhelsia_structures:light_gray_sleeping_bag":4,"minecraft:cooked_chicken":3,"minecraft:torch":220,"minecraft:dirt":8,"minecraft:spyglass":26,"minecraft:spruce_fence":2,"minecraft:dark_oak_planks":1,"minecraft:wooden_axe":14,"minecraft:iron_axe":4,"valhelsia_structures:explorers_tent":6,"minecraft:golden_carrot":36,"tombstone:gift":7,"minecraft:cooked_beef":8,"minecraft:brown_bed":2,"minecraft:baked_potato":18,"minecraft:red_nether_bricks":2,"minecraft:tnt":3,"minecraft:crafting_table":7,"dungeonnowloading:skull_of_chaos":2,"bosses_of_mass_destruction:soul_star":1,"tombstone:bag_of_seeds":2,"minecraft:flower_pot":1,"minecraft:apple":8,"minecraft:iron_pickaxe":340,"tombstone:magic_scroll":2,"valhelsia_structures:brown_sleeping_bag":1,"minecraft:spruce_sapling":1,"minecraft:cobblestone":11,"minecraft:white_banner":1,"minecraft:cooked_porkchop":10,"minecraft:smooth_stone":1,"minecraft:splash_potion":3},"minecraft:custom":{"lootr:looted_stat":275,"minecraft:animals_bred":7,"minecraft:interact_with_crafting_table":45,"minecraft:open_barrel":7,"minecraft:leave_game":8,"minecraft:time_since_death":20031,"minecraft:damage_resisted":0,"minecraft:sprint_one_cm":832011,"minecraft:drop":308,"minecraft:talked_to_villager":14,"minecraft:play_time":404981,"minecraft:deaths":25,"minecraft:interact_with_brewingstand":1,"minecraft:jump":3093,"minecraft:walk_on_water_one_cm":12876,"minecraft:interact_with_furnace":44,"minecraft:play_record":1,"minecraft:traded_with_villager":4,"minecraft:sleep_in_bed":18,"tombstone:sneak_grave":1,"minecraft:damage_dealt":45738,"minecraft:player_kills":2,"minecraft:crouch_one_cm":45703,"tombstone:undead_killed":163,"minecraft:inspect_dispenser":1,"minecraft:interact_with_smithing_table":1,"minecraft:mob_kills":294,"minecraft:damage_dealt_resisted":307,"minecraft:climb_one_cm":34853,"minecraft:walk_one_cm":1829361,"minecraft:damage_dealt_absorbed":431,"minecraft:sneak_time":13493,"minecraft:walk_under_water_one_cm":15471,"minecraft:interact_with_blast_furnace":15,"minecraft:total_world_time":404981,"tombstone:raider_killed":7,"minecraft:raid_trigger":1,"minecraft:time_since_rest":19706,"minecraft:damage_absorbed":539,"minecraft:damage_taken":21117,"minecraft:swim_one_cm":10303,"minecraft:fly_one_cm":862339,"minecraft:open_chest":21,"minecraft:fall_one_cm":57586},"minecraft:mined":{"minecraft:dark_oak_planks":5,"valhelsia_structures:light_gray_sleeping_bag":4,"graveyard:gray_urn":1,"minecraft:jungle_leaves":1,"minecraft:brewing_stand":1,"minecraft:spruce_trapdoor":2,"biomesoplenty:dead_leaves":1,"minecraft:grass_block":1,"valhelsia_structures:gray_sleeping_bag":1,"minecraft:coal_block":98,"minecraft:spawner":44,"graveyard:wither_skull_with_rib_cage":1,"minecraft:smooth_stone":13,"minecraft:magma_block":3,"minecraft:raw_iron_block":8,"minecraft:mossy_cobblestone_stairs":2,"minecraft:iron_ore":3,"graveyard:leaning_wither_skeleton":1,"minecraft:nether_brick_stairs":1,"minecraft:brown_bed":2,"minecraft:iron_bars":16,"valhelsia_structures:explorers_tent":8,"minecraft:quartz_block":20,"brewery:wild_hops":1,"minecraft:medium_amethyst_bud":1,"minecraft:torch":1,"delightful:pumpkin_pie":3,"minecraft:white_stained_glass_pane":2,"minecraft:dead_bush":1,"minecraft:cobblestone":5,"minecraft:oak_planks":1,"minecraft:bricks":3,"minecraft:iron_door":1,"minecraft:wall_torch":4,"graveyard:wither_skeleton_hand":1,"minecraft:stone_brick_stairs":3,"graveyard:skull_pile":1,"minecraft:smooth_stone_slab":1,"minecraft:grass":3,"minecraft:dirt":18,"minecraft:oak_leaves":1,"botania:magenta_double_flower":1,"minecraft:emerald_block":2,"minecraft:diamond_ore":7,"minecraft:light_gray_stained_glass_pane":2,"minecraft:mossy_cobblestone":1,"minecraft:spruce_fence":1,"minecraft:decorated_pot":2,"minecraft:spruce_leaves":18,"valhelsia_structures:brown_sleeping_bag":1,"minecraft:hay_block":7,"minecraft:diamond_block":1,"minecraft:gold_block":2,"minecraft:bookshelf":2,"minecraft:vine":17,"minecraft:potted_spruce_sapling":1,"minecraft:stone":33,"dungeonnowloading:mossy_cobblestone_pebbles":1,"minecraft:stone_brick_slab":1,"ecologics:thin_ice":1,"minecraft:crafting_table":1,"minecraft:sculk_sensor":1,"minecraft:blue_bed":7,"supplementaries:urn":2,"minecraft:ice":1,"minecraft:spruce_log":1,"minecraft:gravel":6,"minecraft:cracked_stone_bricks":1,"minecraft:stone_bricks":12,"minecraft:mossy_stone_bricks":9,"pots_and_mimics:treasure_pot":2,"minecraft:fern":4},"minecraft:killed_by":{"minecraft:creeper":1,"minecraft:zombie":6,"alexsmobs:grizzly_bear":1,"minecraft:player":1,"minecraft:stray":5,"dungeonnowloading:hollow":1,"dungeonnowloading:chaos_spawner":3,"minecraft:skeleton":3,"born_in_chaos_v1:dread_hound":1},"minecraft:crafted":{"minecraft:oak_planks":8,"minecraft:cooked_chicken":3,"minecraft:diamond_helmet":2,"minecraft:diamond_leggings":2,"minecraft:iron_boots":1,"minecraft:chest":3,"dungeonnowloading:scepter_of_sealed_chaos":1,"minecraft:wooden_shovel":1,"minecraft:crafting_table":5,"minecraft:spruce_planks":104,"minecraft:wooden_pickaxe":1,"minecraft:baked_potato":9,"minecraft:smithing_table":1,"minecraft:gold_block":8,"minecraft:birch_planks":4,"minecraft:charcoal":2,"minecraft:emerald_block":4,"minecraft:stick":36,"minecraft:iron_pickaxe":1,"minecraft:iron_ingot":57,"minecraft:iron_block":11,"minecraft:stone_sword":1,"minecraft:gold_ingot":18,"minecraft:raw_iron":72,"minecraft:coal":81,"minecraft:spyglass":2,"minecraft:furnace":1,"minecraft:diamond":9,"minecraft:stone_pickaxe":1,"simplyswords:iron_rapier":1,"sophisticatedbackpacks:iron_backpack":1,"minecraft:coal_block":8,"vinery:cherry_wine":2,"sophisticatedbackpacks:gold_backpack":1,"minecraft:air":0,"minecraft:wooden_axe":1,"dungeonnowloading:spawner_blade":3,"minecraft:torch":88,"minecraft:diamond_chestplate":1,"neapolitan:magic_beans":2},"minecraft:picked_up":{"minecraft:wooden_axe":1,"minecraft:iron_chestplate":1,"minecraft:flower_pot":2,"minecraft:diamond_sword":2,"minecraft:brown_bed":2,"minecraft:enchanted_book":2,"minecraft:stone_brick_stairs":1,"minecraft:brewing_stand":1,"minecraft:string":15,"minecraft:smooth_stone_slab":4,"minecraft:red_nether_bricks":2,"minecraft:iron_leggings":2,"minecraft:armor_stand":1,"minecraft:smooth_stone":11,"bosses_of_mass_destruction:soul_star":8,"dungeonnowloading:mossy_cobblestone_pebble":4,"minecraft:coal_block":97,"valhelsia_structures:light_gray_sleeping_bag":9,"minecraft:iron_boots":1,"minecraft:tipped_arrow":44,"minecraft:stick":8,"apotheosis:gem":18,"valhelsia_structures:gray_sleeping_bag":2,"miners_delight:silverfish_eggs":2,"minecraft:torch":7,"simplyswords:diamond_greataxe":1,"magistuarmory:rusted_heavymace":1,"minecraft:cherry_log":1,"tombstone:grave_dust":13,"magistuarmory:rustedcrusader_chestplate":1,"tombstone:tablet_of_cupidity":1,"minecraft:quartz_block":2,"minecraft:rotten_flesh":67,"minecraft:music_disc_ward":1,"graveyard:gray_urn":1,"reliquary:mob_charm_fragment":3,"supplementaries:ash":43,"artifacts:panic_necklace":1,"endrem:rogue_eye":1,"minecraft:iron_bars":22,"minecraft:cobblestone":36,"minecraft:birch_log":1,"born_in_chaos_v1:staffof_magic_arrows":1,"minecraft:magma_block":3,"minecraft:feather":4,"magistuarmory:rustedchainmail_boots":3,"minecraft:iron_door":1,"paraglider:spirit_orb":70,"minecraft:dirt":19,"born_in_chaos_v1:monster_skin":1,"minecraft:bone":139,"minecraft:bow":4,"minecraft:wheat_seeds":2,"minecraft:dark_oak_sign":2,"minecraft:mossy_stone_bricks":8,"minecraft:diamond_helmet":1,"minecraft:oak_planks":1,"dungeonnowloading:spawner_frame":36,"dungeonnowloading:spawner_boots":4,"tombstone:scroll_of_feather_fall":1,"dungeonnowloading:scepter_of_sealed_chaos":1,"minecraft:nether_brick_stairs":1,"sophisticatedbackpacks:iron_backpack":2,"minecraft:diamond_block":1,"minecraft:bundle":7,"minecraft:diamond":40,"waystones:waystone":1,"magistuarmory:corruptedroundshield":2,"minecraft:golden_apple":1,"minecraft:emerald":6,"minecraft:bricks":4,"minecraft:crafting_table":1,"minecraft:chicken":3,"minecraft:turtle_helmet":1,"dungeonnowloading:cobblestone_pebble":4,"minecraft:cooked_rabbit":50,"minecraft:gold_block":2,"valhelsia_structures:brown_sleeping_bag":2,"minecraft:chain":1,"minecraft:shield":2,"reliquary:chelicerae":1,"minecraft:item_frame":2,"dungeonnowloading:spawner_fragment":128,"graveyard:corruption":6,"minecraft:cracked_stone_bricks":1,"minecraft:candle":1,"born_in_chaos_v1:gnawed_bones":1,"minecraft:raw_iron":5,"reliquary:rib_bone":2,"sophisticatedbackpacks:crafting_upgrade":1,"minecraft:spruce_fence":2,"sophisticatedbackpacks:backpack":1,"magistuarmory:rustedkettlehat":1,"minecraft:carrot":1,"minecraft:redstone":2,"valhelsia_structures:explorers_tent":8,"minecraft:dark_oak_planks":5,"minecraft:arrow":98,"minecraft:stone_shovel":1,"minecraft:pumpkin_pie":23,"minecraft:decorated_pot":1,"minecraft:nether_bricks":3,"minecraft:hay_block":1,"tombstone:essence_of_undeath":3,"miners_delight:bat_wing":2,"minecraft:gold_ingot":2,"botania:magenta_double_flower":1,"forbidden_arcanus:spawner_scrap":18,"born_in_chaos_v1:corpse_maggot":16,"magistuarmory:rustedhalfarmor_chestplate":1,"dungeonnowloading:chaotic_hexahedron":2,"realmrpg_creep:creeping_sprout":3,"minecraft:filled_map":1,"minecraft:oak_log":2,"minecraft:nether_wart_block":1,"minecraft:gunpowder":6,"minecraft:blue_bed":7,"minecraft:white_banner":1,"minecraft:spawner":2,"minecraft:apple":11,"minecraft:stone_bricks":12,"minecraft:iron_ingot":8,"minecraft:cobweb":3,"tombstone:bag_of_seeds":3,"minecraft:glass_bottle":3,"minecraft:soul_sand":1,"minecraft:iron_sword":1,"minecraft:book":3,"endrem:old_eye":1,"minecraft:emerald_block":2,"magistuarmory:rustedchainmail_chestplate":2,"minecraft:stone_brick_slab":1,"born_in_chaos_v1:ethereal_spirit":1,"minecraft:spyglass":1,"minecraft:raw_iron_block":8,"minecraft:gravel":6,"born_in_chaos_v1:dark_rod":3,"minecraft:amethyst_shard":34,"minecraft:spruce_sapling":16,"minecraft:spruce_log":15,"dungeonnowloading:great_experience_bottle":10,"magistuarmory:rustedchainmail_leggings":3,"minecraft:spider_eye":4,"immersiveengineering:seed":3,"minecraft:mossy_cobblestone_stairs":1,"minecraft:baked_potato":2,"tombstone:magic_scroll":5,"botania:brown_mystical_flower":1}},"DataVersion":3465}