{"stats":{"minecraft:used":{"minecraft:netherite_sword":7},"minecraft:custom":{"minecraft:time_since_rest":37678,"minecraft:open_chest":1,"minecraft:crouch_one_cm":3720,"minecraft:play_time":37678,"lootr:looted_stat":4,"minecraft:sprint_one_cm":12043,"minecraft:walk_one_cm":32362,"minecraft:sneak_time":2327,"minecraft:walk_under_water_one_cm":9355,"minecraft:mob_kills":1,"minecraft:drop":3,"minecraft:damage_dealt_resisted":0,"minecraft:jump":170,"minecraft:damage_dealt":600,"minecraft:leave_game":3,"minecraft:walk_on_water_one_cm":3503,"minecraft:time_since_death":37678,"minecraft:total_world_time":37678,"minecraft:climb_one_cm":983,"minecraft:talked_to_villager":2,"minecraft:fly_one_cm":436182},"minecraft:mined":{"minecraft:oak_leaves":1},"minecraft:dropped":{"alexsmobs:animal_dictionary":1,"patchouli:guide_book":2},"minecraft:picked_up":{"artifacts:panic_necklace":1},"minecraft:killed":{"artifacts:mimic":1}},"DataVersion":3465}