{"stats":{"minecraft:used":{"minecraft:polished_granite_stairs":1,"minecraft:ladder":1,"minecraft:shield":1,"minecraft:iron_sword":250,"simplyswords:diamond_rapier":28,"minecraft:nether_bricks":1,"minecraft:obsidian":7,"minecraft:bricks":1,"minecraft:spruce_wood":1,"biomesoplenty:fir_sapling":1,"minecraft:stone_bricks":70,"minecraft:item_frame":1,"minecraft:bow":2,"minecraft:furnace":1,"minecraft:cooked_cod":5,"magistuarmory:rusted_bastardsword":3,"minecraft:golden_boots":1,"minecraft:mossy_stone_bricks":2,"minecraft:diorite":2,"simplyswords:iron_rapier":241,"minecraft:stone_pickaxe":52,"minecraft:oak_planks":2,"minecraft:wooden_pickaxe":6,"minecraft:mossy_stone_brick_stairs":2,"biomesoplenty:fir_planks":1,"minecraft:diamond_axe":1,"minecraft:cookie":5,"bakery:sandwich":4,"minecraft:golden_apple":11,"simplyswords:diamond_spear":30,"simplyswords:iron_halberd":81,"minecraft:crossbow":32,"simplyswords:flamewind":3,"minecraft:bread":17,"minecraft:polished_granite":1,"tombstone:grave_key":2,"dungeonnowloading:scepter_of_sealed_chaos":24,"simplyswords:diamond_chakram":2,"croptopia:toast":8,"forbidden_arcanus:splash_aureal_bottle":1,"minecraft:smithing_table":1,"minecraft:andesite":1,"minecraft:oak_boat":1,"minecraft:experience_bottle":17,"minecraft:trident":2,"minecraft:iron_bars":7,"minecraft:cooked_chicken":14,"minecraft:netherrack":1,"minecraft:torch":70,"reliquary:interdiction_torch":1,"minecraft:nether_brick_stairs":1,"neapolitan:strawberry_scones":2,"simplyswords:diamond_scythe":1,"minecraft:totem_of_undying":1,"minecraft:diamond_chestplate":1,"minecraft:golden_carrot":22,"minecraft:goat_horn":14,"minecraft:netherite_pickaxe":36,"tombstone:gift":6,"minecraft:cooked_beef":11,"meadow:patched_wool":3,"minecraft:cooked_mutton":10,"minecraft:birch_planks":12,"minecraft:red_nether_bricks":1,"minecraft:baked_potato":16,"minecraft:cracked_stone_bricks":1,"minecraft:mossy_cobblestone":2,"minecraft:crafting_table":11,"supplementaries:bomb":6,"minecraft:white_bed":2,"tombstone:bag_of_seeds":2,"minecraft:apple":8,"minecraft:diamond_shovel":15,"minecraft:iron_pickaxe":180,"tombstone:magic_scroll":1,"minecraft:fishing_rod":4,"minecraft:cobblestone":80,"minecraft:potion":1,"minecraft:purple_bed":7,"minecraft:turtle_helmet":1,"minecraft:cooked_porkchop":15,"simple_weapons:iron_sickle":36},"minecraft:crafted":{"mutantmonsters:mutant_skeleton_leggings":1,"minecraft:cooked_chicken":6,"croptopia:toast":8,"minecraft:diamond_shovel":1,"minecraft:cooked_mutton":14,"simplyswords:diamond_spear":1,"mutantmonsters:mutant_skeleton_boots":1,"minecraft:golden_boots":4,"simple_weapons:iron_scythe":1,"minecraft:cooked_porkchop":10,"minecraft:crafting_table":10,"minecraft:spruce_planks":28,"minecraft:wooden_pickaxe":1,"minecraft:baked_potato":12,"minecraft:smithing_table":1,"simple_weapons:iron_sickle":1,"minecraft:birch_planks":12,"biomesoplenty:fir_planks":12,"sophisticatedbackpacks:diamond_backpack":2,"minecraft:stick":60,"minecraft:iron_pickaxe":2,"minecraft:netherite_ingot":2,"minecraft:coal":54,"minecraft:fishing_rod":2,"minecraft:furnace":1,"minecraft:stone_pickaxe":1,"simplyswords:iron_rapier":1,"sophisticatedbackpacks:iron_backpack":1,"minecraft:cooked_cod":5,"bakery:sandwich":4,"sophisticatedbackpacks:gold_backpack":2,"minecraft:air":0,"minecraft:iron_leggings":1,"minecraft:torch":168},"minecraft:broken":{"minecraft:golden_boots":1,"minecraft:iron_boots":1,"minecraft:iron_sword":1,"aether:chainmail_gloves":1,"simplyswords:iron_rapier":1},"minecraft:picked_up":{"minecraft:nether_brick_fence":1,"minecraft:enchanted_book":3,"magistuarmory:steel_lucernhammer":1,"minecraft:string":19,"mutantmonsters:mutant_skeleton_skull":1,"aether:diamond_gloves":2,"minecraft:red_nether_bricks":2,"minecraft:smooth_stone_slab":1,"simplyswords:diamond_scythe":1,"minecraft:iron_leggings":1,"minecraft:diamond_leggings":1,"minecraft:gold_nugget":2,"reliquary:zombie_heart":3,"bosses_of_mass_destruction:soul_star":1,"biomesoplenty:fir_planks":2,"minecraft:spruce_planks":1,"minecraft:cobblestone_slab":1,"minecraft:calcite":2,"minecraft:coal_block":6,"minecraft:iron_boots":2,"minecraft:golden_helmet":1,"minecraft:tipped_arrow":7,"minecraft:stick":1,"apotheosis:gem":9,"minecraft:torch":8,"magistuarmory:rusted_heavymace":1,"minecraft:porkchop":10,"tombstone:grave_dust":14,"minecraft:diorite":2,"minecraft:golden_chestplate":1,"minecraft:goat_horn":1,"mutantmonsters:mutant_skeleton_pelvis":1,"minecraft:quartz_block":2,"minecraft:rotten_flesh":55,"artifacts:villager_hat":1,"supplementaries:ash":3,"minecraft:blaze_rod":1,"mutantmonsters:mutant_skeleton_shoulder_pad":1,"minecraft:obsidian":1,"minecraft:iron_bars":11,"minecraft:cobblestone":118,"minecraft:birch_log":3,"bakery:sandwich":2,"minecraft:leather_chestplate":2,"minecraft:feather":2,"magistuarmory:rustedchainmail_boots":3,"minecraft:iron_door":1,"minecraft:andesite":1,"biomesoplenty:fir_sapling":1,"biomesoplenty:fir_log":3,"paraglider:spirit_orb":48,"minecraft:flint":1,"supplementaries:flax_seeds":3,"simplyswords:flamewind":1,"minecraft:polished_granite":1,"born_in_chaos_v1:monster_skin":5,"minecraft:leather_boots":1,"minecraft:bone":29,"minecraft:bow":6,"minecraft:mossy_stone_bricks":4,"minecraft:oak_planks":2,"minecraft:mossy_stone_brick_stairs":5,"tombstone:scroll_of_feather_fall":1,"sophisticatedbackpacks:iron_backpack":1,"minecraft:nether_brick_stairs":5,"minecraft:grass_block":1,"magistuarmory:rustedgreathelm":1,"minecraft:mossy_cobblestone":8,"minecraft:bundle":1,"forbidden_arcanus:ender_pearl_fragment":1,"minecraft:sugar":2,"minecraft:diamond":1,"waystones:waystone":1,"minecraft:crossbow":3,"simplyswords:diamond_chakram":2,"minecraft:bone_meal":1,"minecraft:golden_apple":1,"minecraft:spruce_sign":1,"minecraft:bread":5,"minecraft:emerald":8,"alexsmobs:maggot":1,"born_in_chaos_v1:rotten_fish":1,"minecraft:netherrack":1,"minecraft:bricks":1,"minecraft:fishing_rod":1,"minecraft:charcoal":1,"minecraft:crafting_table":1,"minecraft:chicken":7,"minecraft:ladder":1,"minecraft:turtle_helmet":1,"born_in_chaos_v1:seedof_chaos":1,"minecraft:chain":2,"minecraft:item_frame":1,"dungeonnowloading:spawner_fragment":61,"minecraft:cracked_stone_bricks":6,"simplyswords:runic_tablet":1,"tombstone:scroll_of_unstable_intangibility":1,"reliquary:interdiction_torch":2,"minecraft:oak_boat":1,"minecraft:sugar_cane":3,"minecraft:raw_iron":2,"reliquary:rib_bone":1,"reliquary:salamander_eye":1,"minecraft:copper_ingot":1,"magistuarmory:rustedbarbute":1,"endrem:nether_eye":1,"aquaculture:perch":1,"simplyswords:iron_halberd":2,"born_in_chaos_v1:pieceofdarkmetal":3,"minecraft:trident":1,"minecraft:carrot":1,"meadow:inky_wool":2,"minecraft:stone_pressure_plate":1,"artifacts:snorkel":1,"minecraft:polished_granite_stairs":4,"minecraft:diamond_chestplate":1,"minecraft:arrow":33,"minecraft:nether_bricks":8,"aquaculture:carp":1,"mutantmonsters:mutant_skeleton_rib":3,"minecraft:saddle":1,"minecraft:gold_ingot":27,"minecraft:totem_of_undying":1,"sophisticatedbackpacks:copper_backpack":2,"minecraft:brick_stairs":1,"minecraft:mutton":10,"forbidden_arcanus:spawner_scrap":13,"minecraft:white_wool":3,"born_in_chaos_v1:corpse_maggot":13,"born_in_chaos_v1:monster_flesh":5,"minecraft:filled_map":1,"minecraft:birch_planks":2,"minecraft:oak_log":2,"minecraft:chainmail_chestplate":2,"minecraft:golden_boots":1,"minecraft:gunpowder":2,"botania:red_mushroom":1,"mutantmonsters:mutant_skeleton_limb":7,"minecraft:cooked_mutton":8,"simple_weapons:iron_sickle":1,"minecraft:red_nether_brick_stairs":1,"minecraft:stone_bricks":30,"minecraft:spruce_wood":1,"minecraft:iron_ingot":55,"meadow:patched_wool":3,"tombstone:bag_of_seeds":2,"neapolitan:strawberry_scones":1,"minecraft:glass_bottle":1,"minecraft:iron_sword":1,"minecraft:book":3,"magistuarmory:rustedchainmail_chestplate":1,"born_in_chaos_v1:ethereal_spirit":3,"minecraft:cracked_nether_bricks":1,"minecraft:gravel":8,"minecraft:white_bed":2,"minecraft:spruce_log":2,"minecraft:spider_eye":8,"minecraft:purple_bed":9,"minecraft:slime_ball":1,"magistuarmory:rusted_bastardsword":3,"minecraft:rib_armor_trim_smithing_template":1,"magistuarmory:rustedcrusader_boots":1,"minecraft:diamond_axe":1,"minecraft:gray_wool":1,"minecraft:red_nether_brick_slab":1,"ftbquests:missing_item":1,"dungeonsweaponry:double_axe":1,"minecraft:coal":1,"minecraft:ender_pearl":2},"minecraft:killed":{"born_in_chaos_v1:zombie_clown":1,"minecraft:cave_spider":11,"minecraft:zombified_piglin":3,"born_in_chaos_v1:restless_spirit":2,"born_in_chaos_v1:zombie_lumberjack":2,"minecraft:spider":8,"minecraft:skeleton":12,"minecraft:chicken":2,"minecraft:silverfish":2,"artifacts:mimic":1,"minecraft:magma_cube":3,"born_in_chaos_v1:bonescaller":1,"minecraft:pig":4,"minecraft:creeper":2,"minecraft:sheep":8,"minecraft:pillager":6,"minecraft:zombie":31,"born_in_chaos_v1:dread_hound":5,"born_in_chaos_v1:corpse_fly":7,"minecraft:stray":10,"alexsmobs:fly":2,"minecraft:blaze":1,"minecraft:evoker":1,"alexsmobs:tiger":1,"minecraft:vindicator":1,"born_in_chaos_v1:firelight":1,"born_in_chaos_v1:maggot":16,"minecraft:phantom":2,"born_in_chaos_v1:corpse_fish":3,"minecraft:husk":4,"born_in_chaos_v1:baby_skeleton":1,"born_in_chaos_v1:decrepit_skeleton":3,"minecraft:wither_skeleton":20,"minecraft:enderman":1},"minecraft:mined":{"minecraft:red_nether_brick_slab":1,"minecraft:stone_pressure_plate":1,"minecraft:spruce_planks":1,"minecraft:blackstone_stairs":1,"minecraft:white_bed":1,"minecraft:red_nether_bricks":1,"minecraft:obsidian":1,"minecraft:coal_block":6,"minecraft:spawner":20,"reliquary:interdiction_torch":1,"minecraft:red_nether_brick_stairs":1,"minecraft:fire":10,"minecraft:nether_brick_stairs":6,"minecraft:iron_bars":9,"minecraft:quartz_block":11,"minecraft:torch":1,"minecraft:cobblestone":39,"minecraft:bricks":1,"minecraft:iron_door":1,"minecraft:wall_torch":1,"biomesoplenty:fir_log":3,"minecraft:smooth_stone_slab":1,"minecraft:grass":5,"minecraft:netherrack":2,"minecraft:mossy_cobblestone":11,"botania:red_mushroom":1,"minecraft:nether_bricks":5,"minecraft:ladder":2,"minecraft:cracked_nether_bricks":1,"minecraft:andesite":1,"minecraft:gold_block":2,"minecraft:mossy_stone_brick_stairs":4,"minecraft:bookshelf":1,"minecraft:cobblestone_slab":1,"minecraft:vine":5,"biomesoplenty:barley":2,"minecraft:stone":82,"minecraft:polished_granite":1,"minecraft:crafting_table":1,"biomesoplenty:fir_planks":2,"minecraft:diorite":1,"supplementaries:urn":4,"minecraft:birch_planks":2,"minecraft:purple_bed":9,"minecraft:gravel":16,"minecraft:cobweb":9,"minecraft:cracked_stone_bricks":8,"minecraft:stone_bricks":39,"minecraft:mossy_stone_bricks":3,"pots_and_mimics:treasure_pot":4,"minecraft:fern":1},"minecraft:killed_by":{"minecraft:wither_skeleton":2,"minecraft:pillager":2,"minecraft:zombie":1,"minecraft:husk":3,"minecraft:player":2,"minecraft:enderman":1,"minecraft:skeleton":1,"minecraft:phantom":1},"minecraft:custom":{"lootr:looted_stat":141,"minecraft:interact_with_crafting_table":45,"minecraft:open_barrel":2,"minecraft:eat_cake_slice":3,"minecraft:leave_game":11,"minecraft:time_since_death":11448,"minecraft:damage_resisted":0,"minecraft:sprint_one_cm":525112,"minecraft:damage_blocked_by_shield":60,"minecraft:drop":295,"minecraft:talked_to_villager":1,"minecraft:play_time":242281,"minecraft:deaths":14,"minecraft:jump":2199,"minecraft:walk_on_water_one_cm":10077,"minecraft:interact_with_furnace":23,"minecraft:sleep_in_bed":12,"minecraft:damage_dealt":29827,"minecraft:player_kills":4,"minecraft:crouch_one_cm":40814,"tombstone:undead_killed":90,"minecraft:interact_with_smoker":10,"minecraft:interact_with_smithing_table":2,"minecraft:mob_kills":184,"minecraft:damage_dealt_resisted":2052,"minecraft:climb_one_cm":14421,"minecraft:walk_one_cm":914763,"minecraft:sneak_time":12287,"minecraft:walk_under_water_one_cm":20365,"minecraft:boat_one_cm":105753,"minecraft:interact_with_blast_furnace":3,"minecraft:total_world_time":242281,"tombstone:raider_killed":10,"minecraft:time_since_rest":10501,"minecraft:damage_taken":15066,"minecraft:damage_absorbed":437,"tombstone:cast_on_ally":1,"minecraft:swim_one_cm":8177,"minecraft:fly_one_cm":403108,"minecraft:open_chest":8,"minecraft:fish_caught":1,"minecraft:fall_one_cm":45921},"minecraft:dropped":{"minecraft:nether_brick_stairs":2,"aquaculture:carp":1,"minecraft:spruce_sign":1,"minecraft:iron_sword":2,"minecraft:birch_planks":2,"minecraft:diamond_axe":1,"minecraft:oak_log":1,"minecraft:ender_pearl":2,"minecraft:glass_bottle":2,"minecraft:cooked_porkchop":3,"minecraft:red_nether_brick_slab":1,"minecraft:crossbow":2,"minecraft:mossy_stone_brick_stairs":3,"bakery:sandwich":2,"botania:red_mushroom":1,"minecraft:cracked_stone_bricks":5,"born_in_chaos_v1:pieceofdarkmetal":3,"simplyswords:iron_halberd":2,"minecraft:saddle":1,"paraglider:spirit_orb":12,"minecraft:flint":1,"born_in_chaos_v1:monster_flesh":3,"tombstone:bag_of_seeds":1,"reliquary:interdiction_torch":2,"reliquary:salamander_eye":1,"simplyswords:diamond_rapier":1,"born_in_chaos_v1:monster_skin":3,"magistuarmory:rusted_bastardsword":3,"minecraft:netherite_boots":1,"minecraft:chain":2,"minecraft:bone_meal":1,"minecraft:sugar":2,"paraglider:paraglider":3,"minecraft:fishing_rod":1,"minecraft:gold_ingot":35,"minecraft:bone":26,"minecraft:gravel":7,"bakery:oat_seeds":1,"minecraft:goat_horn":2,"minecraft:sugar_cane":3,"dungeonnowloading:scepter_of_sealed_chaos":1,"minecraft:golden_chestplate":1,"neapolitan:strawberry_scones":7,"aquaculture:perch":1,"tombstone:gift":2,"born_in_chaos_v1:ethereal_spirit":3,"minecraft:rotten_flesh":49,"artifacts:villager_hat":2,"minecraft:cooked_mutton":8,"minecraft:nether_brick_fence":1,"candlelight:lettuce_seeds":2,"sophisticatedbackpacks:diamond_backpack":1,"minecraft:carrot":1,"minecraft:chainmail_chestplate":2,"minecraft:rabbit_hide":1,"minecraft:leather_chestplate":2,"supplementaries:flax_seeds":7,"supplementaries:ash":4,"minecraft:tipped_arrow":2,"minecraft:turtle_helmet":1,"born_in_chaos_v1:seedof_chaos":1,"minecraft:trident":1,"minecraft:gunpowder":2,"minecraft:brick_stairs":1,"minecraft:melon_seeds":3,"minecraft:charcoal":5,"apotheosis:gem":7,"born_in_chaos_v1:corpse_maggot":13,"minecraft:leather_boots":1,"magistuarmory:rustedchainmail_chestplate":1,"minecraft:red_nether_bricks":1,"minecraft:iron_bars":2,"minecraft:arrow":8,"minecraft:cracked_nether_bricks":1,"magistuarmory:rustedchainmail_boots":2,"reliquary:zombie_heart":3,"farmersdelight:tomato_seeds":3,"minecraft:enchanted_book":4,"minecraft:iron_ingot":56,"tombstone:scroll_of_feather_fall":1,"minecraft:golden_boots":4,"minecraft:bread":5,"simplyswords:diamond_chakram":2,"minecraft:golden_helmet":1,"minecraft:mossy_cobblestone":3,"minecraft:diamond_leggings":2,"minecraft:feather":2,"minecraft:cobblestone":12,"minecraft:book":3,"simplyswords:flamewind":1,"minecraft:copper_ingot":1,"magistuarmory:rustedgreathelm":1,"minecraft:golden_apple":1,"minecraft:stick":1,"magistuarmory:rustedcrusader_boots":1,"magistuarmory:steel_lucernhammer":1,"minecraft:torch":87,"tombstone:grave_key":1,"forbidden_arcanus:spawner_scrap":6,"minecraft:iron_door":1,"tombstone:grave_dust":13,"minecraft:iron_leggings":2,"magistuarmory:rustedbarbute":1,"minecraft:string":9,"minecraft:iron_shovel":1,"minecraft:tripwire_hook":3,"alexsmobs:maggot":1,"minecraft:cocoa_beans":3,"minecraft:raw_iron":2,"born_in_chaos_v1:rotten_fish":1,"minecraft:chicken":1,"ftbquests:missing_item":2,"minecraft:iron_boots":1,"simple_weapons:iron_scythe":1,"sophisticatedbackpacks:backpack":1,"minecraft:nether_bricks":7,"dungeonnowloading:spawner_fragment":35,"tombstone:scroll_of_unstable_intangibility":1,"dungeonsweaponry:double_axe":1,"minecraft:red_nether_brick_stairs":1,"minecraft:filled_map":1,"minecraft:polished_granite_stairs":3,"minecraft:potato":3,"biomesoplenty:fir_planks":1,"aether:chainmail_gloves":1,"minecraft:diamond_chestplate":1,"aether:diamond_gloves":5,"simple_weapons:iron_sickle":1,"minecraft:iron_chestplate":2,"minecraft:mossy_stone_bricks":1,"minecraft:purple_bed":1,"minecraft:stone_pressure_plate":1,"minecraft:stone_bricks":95,"minecraft:spider_eye":8,"minecraft:slime_ball":1,"croptopia:tomatillo_seed":3,"minecraft:bow":5,"simplyswords:diamond_scythe":1,"minecraft:wooden_pickaxe":1,"minecraft:calcite":2,"sophisticatedbackpacks:iron_backpack":1,"aether:netherite_gloves":1}},"DataVersion":3465}