{"stats":{"minecraft:broken":{"aether:chainmail_gloves":1,"minecraft:chainmail_leggings":1,"minecraft:turtle_helmet":1},"minecraft:crafted":{"minecraft:oak_planks":8,"minecraft:cooked_chicken":3,"minecraft:diamond_helmet":1,"minecraft:diamond_leggings":1,"minecraft:iron_boots":1,"minecraft:chest":2,"dungeonnowloading:scepter_of_sealed_chaos":1,"minecraft:wooden_shovel":1,"minecraft:crafting_table":3,"minecraft:spruce_planks":104,"minecraft:wooden_pickaxe":1,"minecraft:baked_potato":9,"minecraft:gold_block":8,"minecraft:birch_planks":4,"minecraft:charcoal":2,"minecraft:emerald_block":4,"minecraft:stick":36,"minecraft:iron_ingot":48,"minecraft:iron_pickaxe":1,"minecraft:iron_block":11,"minecraft:stone_sword":1,"minecraft:gold_ingot":18,"minecraft:raw_iron":72,"minecraft:coal":81,"minecraft:spyglass":2,"minecraft:furnace":1,"minecraft:diamond":9,"minecraft:stone_pickaxe":1,"simplyswords:iron_rapier":1,"minecraft:coal_block":8,"vinery:cherry_wine":2,"minecraft:air":0,"minecraft:wooden_axe":1,"dungeonnowloading:spawner_blade":3,"minecraft:torch":88,"neapolitan:magic_beans":2,"minecraft:diamond_chestplate":1},"minecraft:picked_up":{"minecraft:flower_pot":2,"minecraft:diamond_sword":1,"minecraft:enchanted_book":2,"minecraft:brewing_stand":1,"minecraft:string":10,"minecraft:smooth_stone_slab":4,"minecraft:iron_leggings":1,"minecraft:armor_stand":1,"minecraft:smooth_stone":11,"bosses_of_mass_destruction:soul_star":8,"dungeonnowloading:mossy_cobblestone_pebble":4,"minecraft:coal_block":33,"valhelsia_structures:light_gray_sleeping_bag":8,"minecraft:iron_boots":1,"minecraft:tipped_arrow":42,"minecraft:stick":4,"apotheosis:gem":8,"valhelsia_structures:gray_sleeping_bag":2,"minecraft:torch":7,"tombstone:grave_dust":6,"magistuarmory:rustedcrusader_chestplate":1,"minecraft:rotten_flesh":44,"minecraft:music_disc_ward":1,"graveyard:gray_urn":1,"artifacts:panic_necklace":1,"supplementaries:ash":28,"minecraft:iron_bars":17,"minecraft:cobblestone":24,"minecraft:birch_log":1,"minecraft:feather":2,"minecraft:iron_door":1,"paraglider:spirit_orb":46,"minecraft:dirt":16,"born_in_chaos_v1:monster_skin":1,"minecraft:bone":117,"minecraft:bow":4,"minecraft:wheat_seeds":2,"minecraft:mossy_stone_bricks":8,"minecraft:diamond_helmet":1,"dungeonnowloading:spawner_frame":36,"dungeonnowloading:spawner_boots":4,"tombstone:scroll_of_feather_fall":1,"sophisticatedbackpacks:iron_backpack":2,"minecraft:diamond_block":1,"minecraft:bundle":7,"minecraft:diamond":40,"waystones:waystone":1,"magistuarmory:corruptedroundshield":2,"minecraft:emerald":6,"minecraft:crafting_table":1,"minecraft:chicken":3,"minecraft:turtle_helmet":1,"dungeonnowloading:cobblestone_pebble":4,"minecraft:cooked_rabbit":50,"minecraft:gold_block":2,"valhelsia_structures:brown_sleeping_bag":2,"minecraft:chain":1,"minecraft:shield":1,"minecraft:item_frame":2,"dungeonnowloading:spawner_fragment":96,"graveyard:corruption":6,"minecraft:candle":1,"born_in_chaos_v1:gnawed_bones":1,"minecraft:raw_iron":3,"sophisticatedbackpacks:crafting_upgrade":1,"minecraft:spruce_fence":2,"sophisticatedbackpacks:backpack":1,"minecraft:redstone":2,"valhelsia_structures:explorers_tent":8,"minecraft:dark_oak_planks":5,"minecraft:arrow":69,"minecraft:decorated_pot":1,"minecraft:hay_block":1,"minecraft:gold_ingot":2,"miners_delight:bat_wing":1,"botania:magenta_double_flower":1,"forbidden_arcanus:spawner_scrap":10,"born_in_chaos_v1:corpse_maggot":12,"magistuarmory:rustedhalfarmor_chestplate":1,"dungeonnowloading:chaotic_hexahedron":1,"minecraft:oak_log":2,"minecraft:gunpowder":6,"minecraft:blue_bed":7,"minecraft:white_banner":1,"minecraft:apple":11,"minecraft:stone_bricks":12,"minecraft:iron_ingot":6,"minecraft:cobweb":3,"tombstone:bag_of_seeds":2,"minecraft:iron_sword":1,"minecraft:book":3,"minecraft:emerald_block":2,"minecraft:stone_brick_slab":1,"minecraft:raw_iron_block":8,"minecraft:amethyst_shard":34,"minecraft:spruce_sapling":15,"minecraft:spruce_log":13,"dungeonnowloading:great_experience_bottle":10,"magistuarmory:rustedchainmail_leggings":2,"minecraft:spider_eye":2,"immersiveengineering:seed":3,"tombstone:magic_scroll":2,"minecraft:baked_potato":2,"botania:brown_mystical_flower":1},"minecraft:mined":{"minecraft:dark_oak_planks":5,"valhelsia_structures:light_gray_sleeping_bag":3,"graveyard:gray_urn":1,"minecraft:jungle_leaves":1,"minecraft:brewing_stand":1,"minecraft:spruce_trapdoor":2,"valhelsia_structures:gray_sleeping_bag":1,"minecraft:coal_block":33,"minecraft:spawner":16,"graveyard:wither_skull_with_rib_cage":1,"minecraft:smooth_stone":13,"minecraft:raw_iron_block":8,"minecraft:iron_ore":3,"graveyard:leaning_wither_skeleton":1,"minecraft:iron_bars":13,"valhelsia_structures:explorers_tent":8,"brewery:wild_hops":1,"minecraft:medium_amethyst_bud":1,"minecraft:torch":1,"minecraft:white_stained_glass_pane":2,"minecraft:dead_bush":1,"minecraft:cobblestone":2,"minecraft:iron_door":1,"minecraft:wall_torch":4,"graveyard:wither_skeleton_hand":1,"graveyard:skull_pile":1,"minecraft:smooth_stone_slab":1,"minecraft:grass":3,"minecraft:dirt":16,"minecraft:oak_leaves":1,"botania:magenta_double_flower":1,"minecraft:emerald_block":2,"minecraft:diamond_ore":7,"minecraft:light_gray_stained_glass_pane":2,"minecraft:spruce_fence":1,"minecraft:decorated_pot":2,"minecraft:spruce_leaves":18,"valhelsia_structures:brown_sleeping_bag":1,"minecraft:hay_block":7,"minecraft:diamond_block":1,"minecraft:gold_block":2,"minecraft:bookshelf":1,"minecraft:vine":10,"minecraft:potted_spruce_sapling":1,"minecraft:stone":24,"dungeonnowloading:mossy_cobblestone_pebbles":1,"minecraft:stone_brick_slab":1,"ecologics:thin_ice":1,"minecraft:crafting_table":1,"minecraft:sculk_sensor":1,"minecraft:blue_bed":7,"supplementaries:urn":2,"minecraft:ice":1,"minecraft:spruce_log":1,"minecraft:stone_bricks":12,"minecraft:mossy_stone_bricks":8,"minecraft:fern":4,"pots_and_mimics:treasure_pot":1},"minecraft:killed_by":{"minecraft:zombie":2,"alexsmobs:grizzly_bear":1,"minecraft:stray":1,"dungeonnowloading:hollow":1,"dungeonnowloading:chaos_spawner":3,"minecraft:skeleton":1},"minecraft:killed":{"minecraft:cave_spider":1,"minecraft:witch":3,"born_in_chaos_v1:zombie_lumberjack":2,"minecraft:spider":8,"minecraft:skeleton":9,"graveyard:acolyte":2,"minecraft:chicken":4,"artifacts:mimic":1,"alexsmobs:grizzly_bear":3,"minecraft:zombie_villager":1,"minecraft:creeper":3,"minecraft:pillager":4,"minecraft:zombie":37,"born_in_chaos_v1:dread_hound":1,"minecraft:stray":59,"born_in_chaos_v1:zombie_bruiser":1,"born_in_chaos_v1:maggot":11,"minecraft:bat":1,"born_in_chaos_v1:decrepit_skeleton":1},"minecraft:dropped":{"sophisticatedbackpacks:iron_backpack":1,"minecraft:iron_sword":1,"minecraft:candle":1,"simplyswords:iron_glaive":1,"minecraft:oak_log":1,"minecraft:diamond":16,"minecraft:decorated_pot":1,"magistuarmory:rustedcrusader_chestplate":1,"minecraft:cookie":5,"dungeonnowloading:cobblestone_pebble":3,"minecraft:leather":20,"dungeonnowloading:great_experience_bottle":5,"graveyard:corruption":6,"paraglider:spirit_orb":28,"minecraft:cod":5,"minecraft:item_frame":1,"tombstone:bag_of_seeds":2,"magistuarmory:corruptedroundshield":2,"minecraft:armor_stand":1,"minecraft:bone":62,"magistuarmory:rustedchainmail_leggings":1,"minecraft:spyglass":1,"alexsmobs:animal_dictionary":1,"botania:brown_mystical_flower":1,"tombstone:gift":1,"vinery:wine_bottle":1,"minecraft:rotten_flesh":40,"dungeonnowloading:mossy_cobblestone_pebble":3,"patchouli:guide_book":2,"bosses_of_mass_destruction:soul_star":4,"supplementaries:ash":30,"minecraft:tipped_arrow":6,"minecraft:gunpowder":6,"minecraft:charcoal":8,"born_in_chaos_v1:corpse_maggot":9,"apotheosis:gem":7,"valhelsia_structures:explorers_tent":2,"minecraft:iron_bars":7,"minecraft:arrow":2,"immersiveengineering:seed":3,"minecraft:enchanted_book":5,"tombstone:scroll_of_feather_fall":1,"minecraft:iron_ingot":4,"minecraft:wheat_seeds":2,"vinery:cherry_wine":1,"minecraft:book":3,"forbidden_arcanus:xpetrified_orb":2,"minecraft:apple":22,"minecraft:stick":10,"tombstone:magic_scroll":1,"minecraft:diamond_helmet":1,"forbidden_arcanus:spawner_scrap":7,"tombstone:grave_dust":7,"minecraft:potion":1,"minecraft:iron_leggings":1,"minecraft:iron_axe":1,"minecraft:smooth_stone":10,"minecraft:string":10,"minecraft:spruce_sapling":5,"minecraft:stone_brick_slab":1,"minecraft:stone_sword":1,"valhelsia_structures:gray_sleeping_bag":2,"valhelsia_structures:light_gray_sleeping_bag":1,"ftbquests:missing_item":3,"magistuarmory:rustedhalfarmor_chestplate":1,"sophisticatedbackpacks:backpack":1,"dungeonnowloading:spawner_fragment":64,"minecraft:filled_map":2,"minecraft:hay_block":1,"minecraft:flower_pot":1,"miners_delight:bat_wing":1,"dungeonnowloading:spawner_boots":5,"minecraft:bundle":5,"minecraft:iron_chestplate":2,"minecraft:mossy_stone_bricks":2,"minecraft:spider_eye":1,"minecraft:stone_bricks":3,"aquaculture:lockbox":1,"minecraft:bow":3,"valhelsia_structures:brown_sleeping_bag":1,"ftbquests:lootcrate":1,"dungeonnowloading:spawner_frame":8,"minecraft:cooked_rabbit":28},"minecraft:used":{"minecraft:chest":2,"botania:magenta_double_flower":1,"graveyard:gray_urn":1,"minecraft:music_disc_ward":1,"simplyswords:iron_longsword":12,"minecraft:stone_bricks":6,"minecraft:item_frame":1,"minecraft:bow":141,"minecraft:furnace":1,"minecraft:potato":12,"minecraft:mossy_stone_bricks":3,"minecraft:diamond_boots":3,"simplyswords:iron_rapier":5,"minecraft:stone_pickaxe":11,"minecraft:wooden_pickaxe":24,"minecraft:blue_bed":7,"minecraft:golden_apple":8,"simplyswords:iron_halberd":221,"dungeonnowloading:spawner_boots":3,"minecraft:bread":22,"minecraft:iron_door":1,"dungeonnowloading:scepter_of_sealed_chaos":6,"vinery:cherry_wine":3,"minecraft:diamond_sword":213,"minecraft:cooked_rabbit":63,"minecraft:smooth_stone_slab":2,"dungeonnowloading:cobblestone_pebble":1,"minecraft:trident":1,"minecraft:netherite_sword":7,"sophisticatedbackpacks:iron_backpack":1,"minecraft:iron_bars":1,"minecraft:stone_sword":49,"minecraft:spruce_planks":38,"minecraft:wooden_shovel":12,"valhelsia_structures:light_gray_sleeping_bag":3,"minecraft:cooked_chicken":3,"minecraft:dirt":5,"minecraft:torch":146,"minecraft:spyglass":26,"minecraft:spruce_fence":2,"minecraft:wooden_axe":7,"minecraft:dark_oak_planks":1,"minecraft:iron_axe":4,"valhelsia_structures:explorers_tent":5,"minecraft:golden_carrot":19,"tombstone:gift":7,"minecraft:baked_potato":11,"minecraft:crafting_table":4,"dungeonnowloading:skull_of_chaos":2,"bosses_of_mass_destruction:soul_star":1,"minecraft:flower_pot":1,"minecraft:apple":8,"minecraft:iron_pickaxe":188,"valhelsia_structures:brown_sleeping_bag":1,"minecraft:spruce_sapling":1,"minecraft:white_banner":1,"minecraft:cooked_porkchop":4,"minecraft:smooth_stone":1,"minecraft:splash_potion":3},"minecraft:custom":{"lootr:looted_stat":184,"minecraft:animals_bred":7,"minecraft:interact_with_crafting_table":28,"minecraft:open_barrel":7,"minecraft:leave_game":6,"minecraft:time_since_death":2987,"minecraft:damage_resisted":0,"minecraft:sprint_one_cm":472289,"minecraft:drop":205,"minecraft:talked_to_villager":13,"minecraft:play_time":264757,"minecraft:deaths":12,"minecraft:jump":2042,"minecraft:interact_with_brewingstand":1,"minecraft:walk_on_water_one_cm":8879,"minecraft:interact_with_furnace":44,"minecraft:play_record":1,"minecraft:traded_with_villager":4,"minecraft:sleep_in_bed":12,"tombstone:sneak_grave":1,"minecraft:damage_dealt":27369,"minecraft:player_kills":2,"minecraft:crouch_one_cm":36602,"tombstone:undead_killed":110,"minecraft:inspect_dispenser":1,"minecraft:mob_kills":195,"minecraft:damage_dealt_resisted":0,"minecraft:climb_one_cm":22372,"minecraft:walk_one_cm":1252907,"minecraft:damage_dealt_absorbed":40,"minecraft:sneak_time":11021,"minecraft:walk_under_water_one_cm":14677,"minecraft:interact_with_blast_furnace":15,"minecraft:total_world_time":264757,"tombstone:raider_killed":7,"minecraft:raid_trigger":1,"minecraft:time_since_rest":2573,"minecraft:damage_taken":12264,"minecraft:damage_absorbed":321,"minecraft:swim_one_cm":7047,"minecraft:fly_one_cm":732209,"minecraft:open_chest":18,"minecraft:fall_one_cm":32986}},"DataVersion":3465}