{"stats":{"minecraft:used":{"minecraft:moss_block":1,"magistuarmory:rustedchainmail_boots":2,"minecraft:chest":2,"minecraft:shield":1,"minecraft:iron_sword":65,"lootr:trophy":1,"minecraft:iron_chestplate":2,"magistuarmory:rustedhalfarmor_chestplate":1,"minecraft:packed_mud":2,"minecraft:iron_helmet":1,"minecraft:stone_bricks":17,"minecraft:bow":67,"minecraft:sweet_berries":11,"minecraft:furnace":1,"minecraft:mossy_stone_bricks":1,"tombstone:scroll_of_true_sight":1,"minecraft:blue_bed":2,"minecraft:lingering_potion":3,"minecraft:string":2,"tombstone:grave_key":2,"minecraft:gravel":6,"vinery:cherry_wine":5,"minecraft:chainmail_boots":3,"minecraft:cooked_rabbit":40,"simplyswords:iron_glaive":240,"tombstone:scroll_of_lightning_resistance":1,"minecraft:iron_bars":4,"minecraft:spruce_planks":15,"valhelsia_structures:light_gray_sleeping_bag":9,"minecraft:cooked_chicken":1,"minecraft:torch":39,"minecraft:dirt":9,"minecraft:spyglass":7,"minecraft:chainmail_chestplate":1,"dungeonnowloading:mossy_cobblestone_pebble":2,"minecraft:nether_brick_stairs":2,"minecraft:iron_axe":19,"minecraft:spawner":1,"simplyswords:diamond_greathammer":383,"minecraft:gunpowder":1,"minecraft:golden_carrot":47,"tombstone:gift":8,"minecraft:cooked_beef":16,"minecraft:water_bucket":17,"minecraft:mossy_cobblestone":2,"minecraft:crafting_table":3,"supplementaries:bomb":2,"minecraft:spruce_log":1,"minecraft:light_blue_candle":3,"minecraft:apple":15,"minecraft:suspicious_stew":1,"minecraft:iron_pickaxe":362,"minecraft:cobblestone":27,"minecraft:potion":17,"minecraft:bucket":19,"minecraft:diamond_leggings":1,"minecraft:smooth_stone":6,"minecraft:splash_potion":6,"minecraft:chainmail_leggings":1,"tombstone:scroll_of_unstable_intangibility":1},"minecraft:mined":{"dungeonnowloading:spikes":8,"valhelsia_structures:light_gray_sleeping_bag":9,"minecraft:spruce_planks":2,"minecraft:stone_pressure_plate":1,"minecraft:grass_block":5,"sophisticatedbackpacks:iron_backpack":1,"minecraft:cracked_polished_blackstone_bricks":2,"minecraft:coal_block":67,"minecraft:spawner":42,"minecraft:smooth_stone":3,"minecraft:magma_block":1,"minecraft:fire":1,"minecraft:anvil":1,"minecraft:nether_brick_stairs":1,"minecraft:iron_bars":27,"minecraft:oak_stairs":1,"minecraft:tripwire":1,"minecraft:quartz_block":1,"minecraft:smoker":1,"thermal:lead_ore":1,"minecraft:torch":1,"minecraft:chest":2,"minecraft:cobblestone":12,"minecraft:iron_door":3,"minecraft:wall_torch":1,"paraglider:horned_statue":1,"realmrpg_skeletons:acrobat_skeleton":1,"minecraft:tnt":3,"minecraft:smooth_stone_slab":2,"minecraft:grass":3,"dungeonnowloading:explosive_barrel":8,"minecraft:infested_cracked_stone_bricks":1,"minecraft:dirt":7,"minecraft:netherrack":1,"minecraft:oak_leaves":1,"minecraft:diamond_ore":11,"minecraft:mossy_cobblestone":3,"minecraft:spruce_fence":5,"minecraft:decorated_pot":1,"minecraft:redstone_wire":1,"minecraft:spruce_leaves":5,"minecraft:hay_block":21,"minecraft:furnace":2,"treechop:chopped_log":3,"minecraft:gold_block":1,"minecraft:mossy_stone_brick_stairs":1,"minecraft:bookshelf":3,"minecraft:vine":21,"minecraft:packed_ice":1,"minecraft:stone":26,"immersiveengineering:craftingtable":1,"minecraft:podzol":1,"minecraft:light_gray_carpet":1,"dungeonnowloading:mossy_cobblestone_pebbles":2,"minecraft:basalt":2,"minecraft:crafting_table":2,"minecraft:sculk_sensor":1,"minecraft:blue_bed":3,"forbidden_arcanus:xpetrified_ore":2,"minecraft:ice":1,"minecraft:spruce_log":2,"minecraft:coal_ore":55,"minecraft:light_blue_candle":1,"graveyard:leaning_skeleton":1,"minecraft:cobweb":11,"minecraft:cracked_stone_bricks":1,"minecraft:spruce_fence_gate":1,"minecraft:polished_blackstone":1,"minecraft:stone_bricks":10,"minecraft:mossy_stone_bricks":3,"minecraft:chipped_anvil":1},"minecraft:broken":{"minecraft:golden_boots":1,"minecraft:diamond_helmet":1,"minecraft:iron_boots":1,"minecraft:iron_chestplate":1,"magistuarmory:rustedchainmail_helmet":1,"aether:chainmail_gloves":1,"minecraft:golden_chestplate":1,"minecraft:chainmail_leggings":1,"dungeonnowloading:spawner_boots":1,"minecraft:diamond_leggings":1,"minecraft:iron_pickaxe":1,"minecraft:iron_helmet":1,"simplyswords:iron_glaive":1},"minecraft:killed":{"minecraft:cave_spider":1,"minecraft:spider":6,"minecraftdungeonsv1:piggy_bank":1,"minecraft:skeleton":44,"graveyard:acolyte":10,"minecraft:silverfish":3,"born_in_chaos_v1:bonescaller":1,"minecraft:creeper":6,"minecraft:pillager":4,"minecraft:zombie":44,"born_in_chaos_v1:dread_hound":2,"minecraft:stray":26,"born_in_chaos_v1:door_knight":1,"minecraft:vindicator":1,"born_in_chaos_v1:maggot":11,"dungeonnowloading:chaos_spawner":2,"minecraft:husk":4,"born_in_chaos_v1:baby_skeleton":1,"born_in_chaos_v1:decrepit_skeleton":4,"minecraft:wither_skeleton":2,"minecraft:villager":1},"minecraft:dropped":{"minecraft:iron_sword":1,"minecraftdungeonsv1:dagger":1,"minecraft:glass_bottle":17,"minecraft:diamond":3,"minecraft:crafting_table":1,"minecraft:cookie":10,"dungeonnowloading:cobblestone_pebble":6,"minecraft:cracked_stone_bricks":2,"paraglider:spirit_orb":72,"minecraft:item_frame":3,"minecraft:cracked_polished_blackstone_bricks":2,"born_in_chaos_v1:monster_flesh":2,"minecraft:dirt":1,"tombstone:bag_of_seeds":1,"reliquary:frozen_core":2,"magistuarmory:rusted_bastardsword":3,"minecraft:chain":1,"minecraft:pumpkin_pie":23,"minecraft:amethyst_shard":2,"immersive_melodies:triangle":1,"magistuarmory:corruptedroundshield":1,"minecraft:bone":63,"magistuarmory:rustedchainmail_leggings":1,"minecraft:spyglass":1,"minecraft:iron_nugget":14,"alexsmobs:animal_dictionary":2,"miners_delight:silverfish_eggs":2,"minecraft:wheat":1,"minecraft:soul_lantern":2,"minecraft:rotten_flesh":57,"dungeonnowloading:mossy_cobblestone_pebble":8,"minecraft:glowstone_dust":1,"patchouli:guide_book":4,"minecraft:chainmail_chestplate":2,"bosses_of_mass_destruction:soul_star":2,"supplementaries:ash":19,"minecraft:tipped_arrow":27,"minecraft:quartz_block":12,"minecraft:charcoal":16,"born_in_chaos_v1:corpse_maggot":10,"apotheosis:gem":19,"minecraft:iron_bars":4,"minecraft:arrow":76,"magistuarmory:rustedchainmail_boots":1,"minecraft:stone_brick_stairs":1,"reliquary:zombie_heart":1,"minecraft:spawner":1,"minecraft:enchanted_book":3,"minecraft:iron_ingot":2,"minecraft:wheat_seeds":1,"minecraft:mossy_cobblestone":1,"minecraft:polished_blackstone":2,"minecraft:feather":2,"minecraft:cobblestone":7,"forbidden_arcanus:xpetrified_orb":4,"minecraft:apple":4,"magistuarmory:rustedgreathelm":1,"minecraft:stick":4,"minecraft:spruce_fence_gate":1,"minecraft:torch":1,"minecraft:wooden_axe":1,"minecraft:iron_door":7,"forbidden_arcanus:spawner_scrap":8,"dungeonnowloading:chaotic_hexahedron":1,"minecraft:iron_leggings":2,"minecraft:chipped_anvil":1,"minecraft:mossy_cobblestone_stairs":3,"sophisticatedbackpacks:crafting_upgrade":1,"minecraft:chainmail_leggings":1,"minecraft:string":22,"minecraft:music_disc_cat":1,"reliquary:rib_bone":1,"minecraft:spruce_sapling":9,"minecraft:redstone":4,"minecraft:sweet_berries":3,"minecraft:stone_sword":1,"minecraft:bowl":1,"minecraft:smooth_stone_slab":4,"minecraft:stone_shovel":1,"ftbquests:missing_item":6,"magistuarmory:rustedhalfarmor_chestplate":1,"minecraft:iron_boots":3,"magistuarmory:rusted_heavymace":1,"minecraft:spruce_fence":1,"alexsmobs:bear_fur":2,"dungeonnowloading:spawner_fragment":13,"minecraft:diamond_sword":1,"minecraft:potato":21,"minecraft:shield":3,"minecraft:bundle":2,"minecraft:spruce_planks":44,"minecraft:iron_chestplate":1,"minecraft:mossy_stone_bricks":3,"minecraft:golden_leggings":1,"minecraft:wooden_shovel":1,"minecraft:stone_pressure_plate":1,"minecraft:spider_eye":6,"minecraft:bow":5,"ftbquests:lootcrate":1,"dungeonnowloading:spawner_frame":20,"minecraft:cooked_rabbit":50},"minecraft:picked_up":{"minecraft:wooden_axe":1,"minecraft:iron_chestplate":1,"minecraft:anvil":1,"immersiveengineering:craftingtable":1,"minecraft:oak_stairs":1,"minecraft:potion":1,"minecraft:stone_brick_stairs":1,"minecraft:music_disc_cat":1,"forbidden_arcanus:xpetrified_orb":6,"minecraft:string":78,"minecraft:smooth_stone_slab":2,"reliquary:zombie_heart":1,"minecraft:smooth_stone":9,"bosses_of_mass_destruction:soul_star":3,"minecraft:spruce_planks":84,"minecraft:wooden_shovel":1,"dungeonnowloading:mossy_cobblestone_pebble":10,"minecraft:coal_block":67,"immersive_melodies:triangle":1,"valhelsia_structures:light_gray_sleeping_bag":11,"minecraft:iron_boots":1,"minecraft:furnace":2,"minecraft:tipped_arrow":17,"apotheosis:gem":18,"miners_delight:silverfish_eggs":2,"minecraft:torch":6,"magistuarmory:rusted_heavymace":2,"tombstone:grave_dust":32,"tombstone:tablet_of_cupidity":1,"magistuarmory:rustedcrusader_chestplate":2,"minecraft:golden_chestplate":1,"minecraft:quartz_block":12,"minecraft:stone_sword":1,"minecraft:rotten_flesh":69,"supplementaries:ash":21,"minecraft:iron_bars":24,"minecraft:cobblestone":38,"aquaculture:lockbox":1,"born_in_chaos_v1:staffof_magic_arrows":1,"minecraft:feather":26,"magistuarmory:rustedchainmail_boots":1,"minecraft:iron_door":7,"minecraft:golden_leggings":1,"minecraft:smoker":1,"minecraft:potato":21,"alexsmobs:bear_fur":2,"paraglider:spirit_orb":154,"minecraft:wither_skeleton_skull":1,"minecraft:dirt":13,"minecraft:name_tag":2,"born_in_chaos_v1:monster_skin":1,"minecraft:bone":107,"minecraft:chipped_anvil":1,"minecraft:bow":4,"minecraft:mossy_stone_bricks":4,"minecraft:diamond_helmet":1,"minecraft:glowstone_dust":1,"minecraft:moss_block":1,"vinery:cherry_wine":1,"dungeonnowloading:spawner_boots":1,"dungeonnowloading:spawner_frame":5,"patchouli:guide_book":2,"minecraft:nether_brick_stairs":2,"sophisticatedbackpacks:iron_backpack":1,"magistuarmory:rustedgreathelm":1,"alexsmobs:animal_dictionary":1,"minecraft:mossy_cobblestone":3,"minecraft:bundle":2,"minecraft:spruce_fence_gate":1,"minecraft:diamond":23,"minecraft:soul_lantern":2,"waystones:waystone":1,"magistuarmory:corruptedroundshield":1,"minecraft:cracked_polished_blackstone_bricks":3,"minecraft:golden_apple":3,"minecraft:chainmail_helmet":1,"minecraft:bread":14,"minecraft:emerald":21,"minecraft:netherrack":2,"minecraft:light_blue_candle":3,"minecraft:charcoal":24,"simplyswords:iron_glaive":1,"minecraft:crafting_table":3,"dungeonnowloading:cobblestone_pebble":6,"minecraft:cooked_rabbit":28,"minecraft:gold_block":1,"minecraft:shield":2,"ftbquests:lootcrate":1,"minecraft:item_frame":3,"minecraft:iron_shovel":1,"dungeonnowloading:spawner_fragment":192,"graveyard:corruption":12,"minecraft:cracked_stone_bricks":2,"minecraft:iron_nugget":7,"minecraft:chest":2,"reliquary:catalyzing_gland":1,"reliquary:rib_bone":2,"minecraft:spruce_fence":4,"minecraft:cookie":15,"minecraft:trident":1,"minecraft:redstone":4,"valhelsia_structures:explorers_tent":2,"minecraft:stone_pressure_plate":1,"minecraft:tnt":3,"minecraft:arrow":78,"minecraft:stone_shovel":1,"minecraft:pumpkin_pie":23,"minecraft:hay_block":53,"tombstone:essence_of_undeath":1,"minecraft:gold_ingot":23,"minecraft:polished_blackstone":2,"paraglider:horned_statue":1,"forbidden_arcanus:spawner_scrap":38,"born_in_chaos_v1:corpse_maggot":14,"magistuarmory:rustedhalfarmor_chestplate":1,"minecraft:basalt":2,"dungeonnowloading:chaotic_hexahedron":1,"born_in_chaos_v1:monster_flesh":2,"minecraft:leather":20,"minecraft:filled_map":1,"minecraft:packed_mud":2,"minecraft:chainmail_chestplate":1,"minecraft:golden_boots":1,"minecraft:gunpowder":42,"minecraft:blue_bed":3,"tombstone:gift":1,"minecraft:spawner":2,"minecraft:stone_bricks":9,"minecraft:iron_ingot":74,"minecraft:cooked_chicken":1,"tombstone:bag_of_seeds":1,"minecraft:glass_bottle":2,"minecraft:iron_sword":1,"minecraft:sweet_berries":1,"minecraft:spyglass":1,"minecraft:gravel":6,"magistuarmory:rustednorman_helmet":1,"minecraft:spruce_sapling":9,"minecraft:spruce_log":19,"dungeonnowloading:great_experience_bottle":5,"magistuarmory:rustedchainmail_leggings":2,"minecraft:spider_eye":6,"minecraftdungeonsv1:dagger":1,"magistuarmory:rusted_bastardsword":3,"minecraft:chainmail_leggings":1,"magistuarmory:rustedcrusader_boots":1,"minecraft:mossy_cobblestone_stairs":3,"tombstone:magic_scroll":2,"ftbquests:missing_item":6,"minecraft:coal":60},"minecraft:killed_by":{"minecraft:creeper":1,"minecraft:vindicator":1,"minecraft:zombie":9,"alexsmobs:grizzly_bear":1,"minecraft:player":2,"minecraft:stray":14,"minecraft:spider":1,"dungeonnowloading:hollow":2,"dungeonnowloading:chaos_spawner":10,"minecraft:skeleton":13},"minecraft:crafted":{"minecraft:chain":1,"sophisticatedbackpacks:crafting_upgrade":2,"minecraft:bow":1,"minecraft:chest":2,"dungeonnowloading:spawner_frame":1,"minecraft:crafting_table":5,"minecraft:spruce_planks":116,"sophisticatedbackpacks:upgrade_base":3,"sophisticatedbackpacks:diamond_backpack":1,"minecraft:stick":8,"minecraft:iron_pickaxe":1,"minecraft:iron_nugget":9,"minecraft:iron_axe":1,"sophisticatedbackpacks:gold_backpack":1,"minecraft:bucket":2},"minecraft:custom":{"lootr:looted_stat":270,"minecraft:interact_with_crafting_table":15,"minecraft:open_barrel":5,"minecraft:eat_cake_slice":2,"minecraft:leave_game":6,"minecraft:time_since_death":18356,"minecraft:damage_resisted":92,"minecraft:sprint_one_cm":1334544,"minecraft:damage_blocked_by_shield":150,"minecraft:drop":364,"minecraft:talked_to_villager":2,"minecraft:play_time":328875,"minecraft:deaths":66,"tombstone:tomb_raiding":1,"minecraft:jump":3920,"minecraft:interact_with_brewingstand":4,"minecraft:walk_on_water_one_cm":16672,"minecraft:interact_with_furnace":1,"minecraft:sleep_in_bed":9,"tombstone:sneak_grave":4,"minecraft:damage_dealt":38238,"minecraft:player_kills":1,"minecraft:crouch_one_cm":12404,"tombstone:undead_killed":127,"tombstone:villager_killed":1,"minecraft:interact_with_smoker":1,"minecraft:interact_with_smithing_table":3,"minecraft:mob_kills":186,"minecraft:damage_dealt_resisted":1018,"minecraft:climb_one_cm":42491,"minecraft:walk_one_cm":977422,"minecraft:damage_dealt_absorbed":51,"minecraft:sneak_time":6005,"minecraft:walk_under_water_one_cm":24623,"minecraft:total_world_time":328875,"tombstone:raider_killed":5,"minecraft:time_since_rest":17485,"minecraft:damage_taken":27006,"minecraft:damage_absorbed":358,"tombstone:cast_on_ally":8,"minecraft:swim_one_cm":2091,"minecraft:fly_one_cm":765687,"minecraft:open_chest":5,"minecraft:fall_one_cm":92014}},"DataVersion":3465}