{"stats":{"minecraft:broken":{"minecraft:iron_chestplate":1,"dungeonnowloading:spawner_boots":1,"minecraft:iron_helmet":1,"simplyswords:iron_glaive":1,"aether:chainmail_gloves":1},"minecraft:crafted":{"minecraft:iron_nugget":9,"minecraft:chain":1,"sophisticatedbackpacks:crafting_upgrade":2,"minecraft:bow":1,"minecraft:iron_axe":1,"minecraft:chest":2,"dungeonnowloading:spawner_frame":1,"minecraft:crafting_table":5,"minecraft:spruce_planks":116,"minecraft:bucket":2,"sophisticatedbackpacks:upgrade_base":3,"minecraft:stick":4,"minecraft:iron_pickaxe":1},"minecraft:picked_up":{"minecraft:crafting_table":3,"minecraft:charcoal":16,"simplyswords:iron_glaive":1,"minecraft:iron_chestplate":1,"dungeonnowloading:cobblestone_pebble":6,"immersiveengineering:craftingtable":1,"minecraft:cooked_rabbit":28,"minecraft:gold_block":1,"minecraft:potion":1,"minecraft:shield":1,"forbidden_arcanus:xpetrified_orb":6,"minecraft:music_disc_cat":1,"ftbquests:lootcrate":1,"minecraft:string":60,"minecraft:smooth_stone_slab":2,"minecraft:item_frame":3,"minecraft:iron_shovel":1,"dungeonnowloading:spawner_fragment":90,"graveyard:corruption":12,"minecraft:smooth_stone":9,"bosses_of_mass_destruction:soul_star":2,"minecraft:spruce_planks":84,"dungeonnowloading:mossy_cobblestone_pebble":10,"valhelsia_structures:light_gray_sleeping_bag":9,"immersive_melodies:triangle":1,"minecraft:chest":2,"minecraft:furnace":2,"minecraft:iron_boots":1,"minecraft:tipped_arrow":9,"apotheosis:gem":8,"minecraft:torch":3,"minecraft:spruce_fence":4,"minecraft:cookie":10,"tombstone:grave_dust":18,"minecraft:trident":1,"minecraft:redstone":4,"valhelsia_structures:explorers_tent":2,"minecraft:stone_sword":1,"minecraft:arrow":36,"minecraft:rotten_flesh":33,"minecraft:pumpkin_pie":23,"minecraft:hay_block":53,"minecraft:gold_ingot":23,"minecraft:polished_blackstone":2,"supplementaries:ash":12,"paraglider:horned_statue":1,"minecraft:iron_bars":6,"forbidden_arcanus:spawner_scrap":16,"minecraft:cobblestone":25,"aquaculture:lockbox":1,"born_in_chaos_v1:corpse_maggot":8,"magistuarmory:rustedhalfarmor_chestplate":1,"minecraft:feather":26,"dungeonnowloading:chaotic_hexahedron":1,"magistuarmory:rustedchainmail_boots":1,"minecraft:iron_door":6,"minecraft:leather":20,"minecraft:golden_leggings":1,"minecraft:smoker":1,"minecraft:potato":21,"minecraft:packed_mud":2,"alexsmobs:bear_fur":2,"paraglider:spirit_orb":60,"minecraft:chainmail_chestplate":1,"minecraft:gunpowder":40,"minecraft:wither_skeleton_skull":1,"minecraft:blue_bed":3,"minecraft:dirt":10,"tombstone:gift":1,"minecraft:name_tag":2,"minecraft:chipped_anvil":1,"minecraft:bone":45,"minecraft:stone_bricks":3,"minecraft:bow":3,"minecraft:iron_ingot":72,"minecraft:cooked_chicken":1,"minecraft:diamond_helmet":1,"minecraft:mossy_stone_bricks":3,"minecraft:glowstone_dust":1,"minecraft:moss_block":1,"minecraft:iron_sword":1,"vinery:cherry_wine":1,"dungeonnowloading:spawner_frame":5,"dungeonnowloading:spawner_boots":1,"minecraft:sweet_berries":1,"minecraft:spyglass":1,"magistuarmory:rustednorman_helmet":1,"minecraft:spruce_sapling":4,"sophisticatedbackpacks:iron_backpack":1,"dungeonnowloading:great_experience_bottle":5,"minecraft:spruce_log":19,"minecraft:spider_eye":3,"minecraft:mossy_cobblestone":2,"minecraftdungeonsv1:dagger":1,"minecraft:spruce_fence_gate":1,"minecraft:diamond":23,"minecraft:soul_lantern":2,"waystones:waystone":1,"minecraft:chainmail_leggings":1,"minecraft:cracked_polished_blackstone_bricks":3,"minecraft:golden_apple":1,"minecraft:emerald":20,"minecraft:bread":14,"minecraft:light_blue_candle":3,"ftbquests:missing_item":6,"minecraft:coal":30},"minecraft:mined":{"minecraft:diamond_ore":11,"dungeonnowloading:spikes":8,"valhelsia_structures:light_gray_sleeping_bag":7,"minecraft:spruce_planks":2,"minecraft:mossy_cobblestone":3,"minecraft:grass_block":2,"minecraft:spruce_fence":5,"sophisticatedbackpacks:iron_backpack":1,"minecraft:decorated_pot":1,"minecraft:cracked_polished_blackstone_bricks":2,"minecraft:redstone_wire":1,"minecraft:spruce_leaves":5,"minecraft:spawner":11,"minecraft:hay_block":21,"minecraft:smooth_stone":3,"minecraft:furnace":2,"treechop:chopped_log":3,"minecraft:gold_block":1,"minecraft:vine":9,"minecraft:iron_bars":8,"minecraft:packed_ice":1,"minecraft:stone":20,"immersiveengineering:craftingtable":1,"minecraft:tripwire":1,"minecraft:light_gray_carpet":1,"dungeonnowloading:mossy_cobblestone_pebbles":2,"minecraft:smoker":1,"thermal:lead_ore":1,"minecraft:crafting_table":2,"minecraft:chest":2,"minecraft:sculk_sensor":1,"minecraft:cobblestone":7,"minecraft:blue_bed":3,"minecraft:iron_door":2,"minecraft:wall_torch":1,"forbidden_arcanus:xpetrified_ore":2,"paraglider:horned_statue":1,"minecraft:ice":1,"minecraft:spruce_log":2,"minecraft:smooth_stone_slab":2,"minecraft:grass":2,"dungeonnowloading:explosive_barrel":8,"minecraft:coal_ore":25,"minecraft:light_blue_candle":1,"minecraft:dirt":7,"graveyard:leaning_skeleton":1,"minecraft:cobweb":11,"minecraft:spruce_fence_gate":1,"minecraft:stone_bricks":4,"minecraft:polished_blackstone":1,"minecraft:mossy_stone_bricks":3,"minecraft:chipped_anvil":1},"minecraft:killed_by":{"minecraft:player":2,"minecraft:stray":6,"minecraft:spider":1,"dungeonnowloading:hollow":2,"dungeonnowloading:chaos_spawner":10,"minecraft:skeleton":7,"minecraft:zombie":3,"alexsmobs:grizzly_bear":1},"minecraft:killed":{"minecraft:spider":4,"minecraftdungeonsv1:piggy_bank":1,"born_in_chaos_v1:maggot":2,"minecraft:skeleton":16,"graveyard:acolyte":10,"dungeonnowloading:chaos_spawner":2,"minecraft:creeper":1,"minecraft:pillager":4,"minecraft:zombie":21,"minecraft:stray":16},"minecraft:dropped":{"minecraft:enchanted_book":3,"minecraft:iron_sword":1,"minecraftdungeonsv1:dagger":1,"minecraft:wheat_seeds":1,"minecraft:diamond":3,"minecraft:polished_blackstone":2,"minecraft:glass_bottle":4,"minecraft:crafting_table":1,"minecraft:cobblestone":1,"dungeonnowloading:cobblestone_pebble":6,"forbidden_arcanus:xpetrified_orb":4,"minecraft:apple":4,"minecraft:spruce_fence_gate":1,"minecraft:item_frame":3,"minecraft:cracked_polished_blackstone_bricks":2,"minecraft:dirt":1,"reliquary:frozen_core":2,"minecraft:iron_door":6,"forbidden_arcanus:spawner_scrap":4,"minecraft:iron_leggings":2,"minecraft:chain":1,"minecraft:amethyst_shard":2,"immersive_melodies:triangle":1,"sophisticatedbackpacks:crafting_upgrade":1,"minecraft:chainmail_leggings":1,"minecraft:string":6,"minecraft:music_disc_cat":1,"minecraft:spruce_sapling":4,"minecraft:bone":23,"minecraft:redstone":4,"minecraft:sweet_berries":3,"alexsmobs:animal_dictionary":1,"minecraft:stone_sword":1,"minecraft:smooth_stone_slab":4,"minecraft:bowl":1,"minecraft:wheat":1,"minecraft:soul_lantern":2,"magistuarmory:rustedhalfarmor_chestplate":1,"ftbquests:missing_item":6,"minecraft:rotten_flesh":33,"dungeonnowloading:mossy_cobblestone_pebble":8,"minecraft:iron_boots":2,"minecraft:glowstone_dust":1,"minecraft:spruce_fence":1,"alexsmobs:bear_fur":2,"dungeonnowloading:spawner_fragment":6,"patchouli:guide_book":2,"minecraft:chainmail_chestplate":2,"bosses_of_mass_destruction:soul_star":2,"minecraft:diamond_sword":1,"supplementaries:ash":11,"minecraft:tipped_arrow":23,"minecraft:shield":2,"minecraft:spruce_planks":44,"minecraft:iron_chestplate":1,"minecraft:mossy_stone_bricks":2,"born_in_chaos_v1:corpse_maggot":5,"apotheosis:gem":10,"minecraft:golden_leggings":1,"minecraft:spider_eye":3,"minecraft:arrow":16,"minecraft:bow":3,"dungeonnowloading:spawner_frame":20,"magistuarmory:rustedchainmail_boots":1,"ftbquests:lootcrate":1,"minecraft:cooked_rabbit":50},"minecraft:custom":{"lootr:looted_stat":175,"minecraft:mob_kills":80,"minecraft:interact_with_crafting_table":11,"minecraft:open_barrel":4,"minecraft:damage_dealt_resisted":0,"minecraft:leave_game":3,"minecraft:time_since_death":4864,"minecraft:climb_one_cm":26741,"minecraft:damage_resisted":0,"minecraft:sprint_one_cm":754858,"minecraft:walk_one_cm":612176,"minecraft:damage_blocked_by_shield":150,"minecraft:drop":190,"minecraft:talked_to_villager":2,"minecraft:play_time":197207,"minecraft:deaths":44,"minecraft:sneak_time":3537,"minecraft:walk_under_water_one_cm":24623,"minecraft:interact_with_brewingstand":4,"minecraft:jump":2390,"minecraft:walk_on_water_one_cm":14262,"minecraft:total_world_time":197207,"minecraft:interact_with_furnace":1,"tombstone:raider_killed":4,"minecraft:sleep_in_bed":6,"minecraft:time_since_rest":4367,"minecraft:damage_taken":16358,"tombstone:sneak_grave":4,"minecraft:damage_dealt":17610,"minecraft:swim_one_cm":2091,"minecraft:fly_one_cm":535328,"minecraft:open_chest":4,"minecraft:crouch_one_cm":7946,"tombstone:undead_killed":53,"minecraft:interact_with_smoker":1,"minecraft:fall_one_cm":53206},"minecraft:used":{"minecraft:moss_block":1,"magistuarmory:rustedchainmail_boots":2,"minecraft:iron_bars":1,"minecraft:spruce_planks":15,"minecraft:chest":2,"minecraft:shield":1,"minecraft:iron_sword":65,"lootr:trophy":1,"valhelsia_structures:light_gray_sleeping_bag":7,"minecraft:cooked_chicken":1,"minecraft:iron_chestplate":1,"minecraft:torch":10,"minecraft:dirt":6,"minecraft:spyglass":7,"minecraft:chainmail_chestplate":1,"magistuarmory:rustedhalfarmor_chestplate":1,"dungeonnowloading:mossy_cobblestone_pebble":2,"minecraft:iron_axe":15,"minecraft:packed_mud":2,"minecraft:iron_helmet":1,"simplyswords:diamond_greathammer":58,"minecraft:gunpowder":1,"minecraft:golden_carrot":11,"minecraft:bow":53,"minecraft:sweet_berries":11,"minecraft:furnace":1,"tombstone:gift":5,"minecraft:cooked_beef":6,"minecraft:mossy_stone_bricks":1,"minecraft:water_bucket":17,"minecraft:blue_bed":2,"minecraft:mossy_cobblestone":2,"minecraft:crafting_table":2,"minecraft:lingering_potion":1,"minecraft:spruce_log":1,"minecraft:light_blue_candle":3,"minecraft:apple":15,"minecraft:string":2,"minecraft:suspicious_stew":1,"minecraft:iron_pickaxe":179,"tombstone:grave_key":2,"vinery:cherry_wine":5,"minecraft:cobblestone":24,"minecraft:potion":4,"minecraft:chainmail_boots":3,"minecraft:cooked_rabbit":40,"minecraft:bucket":19,"simplyswords:iron_glaive":240,"minecraft:diamond_leggings":1,"minecraft:smooth_stone":6,"minecraft:splash_potion":6,"minecraft:chainmail_leggings":1}},"DataVersion":3465}